"","x"
"1","TX-180"
"2","TX-180"
"3","TX-180"
"4","TX-180"
"5","TX-180"
"6","TX-180"
"7","TX-180"
"8","TX-180"
"9","TX-180"
"10","TX-180"
"11","TX-180"
"12","TX-180"
"13","TX-180"
"14","TX-180"
"15","TX-180"
"16","MI-300"
"17","MI-300"
"18","MI-300"
"19","MI-300"
"20","MI-300"
"21","OH-420"
"22","OH-420"
"23","OH-420"
"24","OH-420"
"25","OH-420"
"26","OH-420"
"27","OH-420"
"28","OH-420"
"29","OH-420"
"30","OH-420"
"31","NM-460"
"32","NM-460"
"33","NM-460"
"34","NM-460"
"35","NM-460"
"36","GA-500"
"37","GA-500"
"38","GA-500"
"39","GA-500"
"40","GA-500"
"41","GA-500"
"42","GA-500"
"43","GA-500"
"44","GA-500"
"45","GA-500"
"46","GA-500"
"47","GA-500"
"48","GA-500"
"49","GA-500"
"50","GA-500"
"51","GA-500"
"52","GA-500"
"53","GA-500"
"54","GA-500"
"55","GA-500"
"56","GA-500"
"57","GA-500"
"58","GA-500"
"59","GA-500"
"60","GA-500"
"61","OR-540"
"62","OR-540"
"63","OR-540"
"64","OR-540"
"65","OR-540"
"66","NY-580"
"67","NY-580"
"68","NY-580"
"69","NY-580"
"70","NY-580"
"71","NY-580"
"72","NY-580"
"73","NY-580"
"74","NY-580"
"75","NY-580"
"76","NY-580"
"77","NY-580"
"78","NY-580"
"79","NY-580"
"80","NY-580"
"81","NY-580"
"82","NY-580"
"83","NY-580"
"84","NY-580"
"85","NY-580"
"86","NY-580"
"87","NY-580"
"88","NY-580"
"89","NY-580"
"90","NY-580"
"91","NC-620"
"92","NC-620"
"93","NC-620"
"94","NC-620"
"95","NC-620"
"96","MN-660"
"97","MN-660"
"98","MN-660"
"99","MN-660"
"100","MN-660"
"101","NM-740"
"102","NM-740"
"103","NM-740"
"104","NM-740"
"105","NM-740"
"106","NM-740"
"107","NM-740"
"108","NM-740"
"109","NM-740"
"110","NM-740"
"111","NM-740"
"112","NM-740"
"113","NM-740"
"114","NM-740"
"115","NM-740"
"116","NM-740"
"117","NM-740"
"118","NM-740"
"119","NM-740"
"120","NM-740"
"121","LA-780"
"122","LA-780"
"123","LA-780"
"124","LA-780"
"125","LA-780"
"126","LA-780"
"127","LA-780"
"128","LA-780"
"129","LA-780"
"130","LA-780"
"131","PA-900"
"132","PA-900"
"133","PA-900"
"134","PA-900"
"135","PA-900"
"136","PA-900"
"137","PA-900"
"138","PA-900"
"139","PA-900"
"140","PA-900"
"141","NJ-900"
"142","NJ-900"
"143","NJ-900"
"144","NJ-900"
"145","NJ-900"
"146","PA-900"
"147","PA-900"
"148","PA-900"
"149","PA-900"
"150","PA-900"
"151","PA-020"
"152","PA-020"
"153","PA-020"
"154","PA-020"
"155","PA-020"
"156","TX-100"
"157","TX-100"
"158","TX-100"
"159","TX-100"
"160","TX-100"
"161","TX-100"
"162","TX-100"
"163","TX-100"
"164","TX-100"
"165","TX-100"
"166","TX-100"
"167","TX-100"
"168","TX-100"
"169","TX-100"
"170","TX-100"
"171","TX-100"
"172","TX-100"
"173","TX-100"
"174","TX-100"
"175","TX-100"
"176","TX-100"
"177","TX-100"
"178","TX-100"
"179","TX-100"
"180","TX-100"
"181","IA-180"
"182","IA-180"
"183","IA-180"
"184","IA-180"
"185","IA-180"
"186","NY-220"
"187","NY-220"
"188","NY-220"
"189","NY-220"
"190","NY-220"
"191","MI-460"
"192","MI-460"
"193","MI-460"
"194","MI-460"
"195","MI-460"
"196","WI-540"
"197","WI-540"
"198","WI-540"
"199","WI-540"
"200","WI-540"
"201","WI-540"
"202","WI-540"
"203","WI-540"
"204","WI-540"
"205","WI-540"
"206","NC-700"
"207","NC-700"
"208","NC-700"
"209","NC-700"
"210","NC-700"
"211","NC-700"
"212","NC-700"
"213","NC-700"
"214","NC-700"
"215","NC-700"
"216","NC-700"
"217","NC-700"
"218","NC-700"
"219","NC-700"
"220","NC-700"
"221","NC-700"
"222","NC-700"
"223","NC-700"
"224","NC-700"
"225","NC-700"
"226","OH-740"
"227","OH-740"
"228","OH-740"
"229","OH-740"
"230","OH-780"
"231","OH-780"
"232","OH-780"
"233","OH-780"
"234","OH-780"
"235","TN-940"
"236","TN-940"
"237","TN-940"
"238","TN-940"
"239","TN-940"
"240","GA-020"
"241","GA-020"
"242","GA-020"
"243","GA-020"
"244","GA-020"
"245","GA-020"
"246","GA-020"
"247","GA-020"
"248","GA-020"
"249","GA-020"
"250","GA-020"
"251","GA-020"
"252","GA-020"
"253","GA-020"
"254","GA-020"
"255","GA-020"
"256","GA-020"
"257","GA-020"
"258","GA-020"
"259","GA-020"
"260","GA-060"
"261","GA-060"
"262","GA-060"
"263","GA-060"
"264","GA-060"
"265","GA-060"
"266","GA-060"
"267","GA-060"
"268","GA-060"
"269","GA-060"
"270","GA-060"
"271","GA-060"
"272","GA-060"
"273","GA-060"
"274","GA-060"
"275","GA-060"
"276","GA-060"
"277","GA-060"
"278","GA-060"
"279","GA-060"
"280","GA-060"
"281","GA-060"
"282","GA-060"
"283","GA-060"
"284","GA-060"
"285","GA-060"
"286","GA-060"
"287","GA-060"
"288","GA-060"
"289","GA-060"
"290","GA-060"
"291","GA-060"
"292","GA-060"
"293","GA-060"
"294","GA-060"
"295","GA-060"
"296","GA-060"
"297","GA-060"
"298","GA-060"
"299","GA-060"
"300","GA-060"
"301","GA-060"
"302","GA-060"
"303","GA-060"
"304","GA-060"
"305","GA-060"
"306","GA-060"
"307","GA-060"
"308","GA-060"
"309","GA-060"
"310","GA-060"
"311","GA-060"
"312","GA-060"
"313","GA-060"
"314","GA-060"
"315","GA-060"
"316","GA-060"
"317","GA-060"
"318","GA-060"
"319","GA-060"
"320","GA-060"
"321","GA-060"
"322","GA-060"
"323","GA-060"
"324","GA-060"
"325","GA-060"
"326","GA-060"
"327","GA-060"
"328","GA-060"
"329","GA-060"
"330","GA-060"
"331","GA-060"
"332","GA-060"
"333","GA-060"
"334","GA-060"
"335","GA-060"
"336","GA-060"
"337","GA-060"
"338","GA-060"
"339","GA-060"
"340","GA-060"
"341","GA-060"
"342","GA-060"
"343","GA-060"
"344","GA-060"
"345","GA-060"
"346","GA-060"
"347","GA-060"
"348","GA-060"
"349","GA-060"
"350","GA-060"
"351","GA-060"
"352","GA-060"
"353","GA-060"
"354","GA-060"
"355","GA-060"
"356","GA-060"
"357","GA-060"
"358","GA-060"
"359","GA-060"
"360","GA-060"
"361","GA-060"
"362","GA-060"
"363","GA-060"
"364","GA-060"
"365","GA-060"
"366","GA-060"
"367","GA-060"
"368","GA-060"
"369","GA-060"
"370","GA-060"
"371","GA-060"
"372","GA-060"
"373","GA-060"
"374","GA-060"
"375","GA-060"
"376","GA-060"
"377","GA-060"
"378","GA-060"
"379","GA-060"
"380","GA-060"
"381","GA-060"
"382","GA-060"
"383","GA-060"
"384","GA-060"
"385","GA-060"
"386","GA-060"
"387","GA-060"
"388","GA-060"
"389","GA-060"
"390","GA-060"
"391","GA-060"
"392","GA-060"
"393","GA-060"
"394","GA-060"
"395","GA-060"
"396","GA-060"
"397","GA-060"
"398","GA-060"
"399","GA-060"
"400","GA-060"
"401","GA-060"
"402","GA-060"
"403","GA-060"
"404","GA-060"
"405","NJ-100"
"406","NJ-100"
"407","NJ-100"
"408","NJ-100"
"409","NJ-100"
"410","SC-260"
"411","SC-260"
"412","SC-260"
"413","SC-260"
"414","SC-260"
"415","GA-260"
"416","GA-260"
"417","GA-260"
"418","GA-260"
"419","GA-260"
"420","SC-260"
"421","SC-260"
"422","SC-260"
"423","SC-260"
"424","SC-260"
"425","GA-260"
"426","GA-260"
"427","GA-260"
"428","GA-260"
"429","GA-260"
"430","GA-260"
"431","GA-260"
"432","GA-260"
"433","GA-260"
"434","GA-260"
"435","GA-260"
"436","GA-260"
"437","GA-260"
"438","GA-260"
"439","GA-260"
"440","GA-260"
"441","GA-260"
"442","GA-260"
"443","GA-260"
"444","GA-260"
"445","ME-300"
"446","ME-300"
"447","ME-300"
"448","ME-300"
"449","ME-300"
"450","TX-420"
"451","TX-420"
"452","TX-420"
"453","TX-420"
"454","TX-420"
"455","TX-420"
"456","TX-420"
"457","TX-420"
"458","TX-420"
"459","TX-420"
"460","TX-420"
"461","TX-420"
"462","TX-420"
"463","TX-420"
"464","TX-420"
"465","TX-420"
"466","TX-420"
"467","TX-420"
"468","TX-420"
"469","TX-420"
"470","TX-420"
"471","TX-420"
"472","TX-420"
"473","TX-420"
"474","TX-420"
"475","MD-580"
"476","MD-580"
"477","MD-580"
"478","MD-580"
"479","MD-580"
"480","MD-580"
"481","MD-580"
"482","MD-580"
"483","MD-580"
"484","MD-580"
"485","MD-580"
"486","MD-580"
"487","MD-580"
"488","MD-580"
"489","MD-580"
"490","MD-580"
"491","MD-580"
"492","MD-580"
"493","MD-580"
"494","MD-580"
"495","MD-580"
"496","MD-580"
"497","MD-580"
"498","MD-580"
"499","MD-580"
"500","MD-580"
"501","MD-580"
"502","MD-580"
"503","MD-580"
"504","MD-580"
"505","MD-580"
"506","MD-580"
"507","MD-580"
"508","MD-580"
"509","MD-580"
"510","WI-660"
"511","WI-660"
"512","WI-660"
"513","WI-660"
"514","WI-660"
"515","MA-700"
"516","MA-700"
"517","MA-700"
"518","MA-700"
"519","MA-700"
"520","VT-740"
"521","VT-740"
"522","VT-740"
"523","VT-740"
"524","VT-740"
"525","NY-860"
"526","NY-860"
"527","NY-860"
"528","NY-860"
"529","NY-860"
"530","LA-940"
"531","LA-940"
"532","LA-940"
"533","LA-940"
"534","LA-940"
"535","LA-940"
"536","LA-940"
"537","LA-940"
"538","LA-940"
"539","LA-940"
"540","LA-940"
"541","LA-940"
"542","LA-940"
"543","LA-940"
"544","LA-940"
"545","LA-940"
"546","LA-940"
"547","LA-940"
"548","LA-940"
"549","LA-940"
"550","LA-940"
"551","LA-940"
"552","LA-940"
"553","LA-940"
"554","LA-940"
"555","LA-940"
"556","LA-940"
"557","LA-940"
"558","LA-940"
"559","LA-940"
"560","LA-940"
"561","LA-940"
"562","LA-940"
"563","LA-940"
"564","LA-940"
"565","LA-940"
"566","LA-940"
"567","LA-940"
"568","LA-940"
"569","LA-940"
"570","LA-940"
"571","LA-940"
"572","LA-940"
"573","LA-940"
"574","LA-940"
"575","MI-980"
"576","MI-980"
"577","MI-980"
"578","MI-980"
"579","MI-980"
"580","MI-020"
"581","MI-020"
"582","MI-020"
"583","MI-020"
"584","MI-020"
"585","TX-140"
"586","TX-140"
"587","TX-140"
"588","TX-140"
"589","TX-140"
"590","TX-140"
"591","TX-140"
"592","TX-140"
"593","TX-140"
"594","TX-140"
"595","TX-140"
"596","TX-140"
"597","TX-140"
"598","TX-140"
"599","TX-140"
"600","TX-140"
"601","TX-140"
"602","TX-140"
"603","TX-140"
"604","TX-140"
"605","WA-380"
"606","WA-380"
"607","WA-380"
"608","WA-380"
"609","WA-380"
"610","OR-460"
"611","OR-460"
"612","OR-460"
"613","OR-460"
"614","OR-460"
"615","MT-740"
"616","MT-740"
"617","MT-740"
"618","MT-740"
"619","MT-740"
"620","MT-740"
"621","MT-740"
"622","MT-740"
"623","MT-740"
"624","MT-740"
"625","MT-740"
"626","MT-740"
"627","MT-740"
"628","MT-740"
"629","MT-740"
"630","NY-780"
"631","NY-780"
"632","NY-780"
"633","NY-780"
"634","NY-780"
"635","NY-780"
"636","NY-780"
"637","NY-780"
"638","NY-780"
"639","NY-780"
"640","ID-940"
"641","ID-940"
"642","ID-940"
"643","ID-940"
"644","ID-940"
"645","VA-980"
"646","VA-980"
"647","VA-980"
"648","VA-980"
"649","VA-980"
"650","VA-980"
"651","VA-980"
"652","VA-980"
"653","VA-980"
"654","VA-980"
"655","VA-980"
"656","VA-980"
"657","VA-980"
"658","VA-980"
"659","VA-980"
"660","VA-980"
"661","VA-980"
"662","VA-980"
"663","VA-980"
"664","VA-980"
"665","VA-980"
"666","VA-980"
"667","VA-980"
"668","VA-980"
"669","VA-980"
"670","IL-010"
"671","IL-010"
"672","IL-010"
"673","IL-010"
"674","IL-010"
"675","IL-010"
"676","IL-010"
"677","IL-010"
"678","IL-010"
"679","IL-010"
"680","IN-020"
"681","IN-020"
"682","IN-020"
"683","IN-020"
"684","IN-020"
"685","IN-020"
"686","IN-020"
"687","IN-020"
"688","IN-020"
"689","IN-020"
"690","PA-100"
"691","PA-100"
"692","PA-100"
"693","PA-100"
"694","PA-100"
"695","PA-100"
"696","PA-100"
"697","PA-100"
"698","PA-100"
"699","PA-100"
"700","WV-140"
"701","WV-140"
"702","WV-140"
"703","WV-140"
"704","WV-140"
"705","VA-140"
"706","VA-140"
"707","VA-140"
"708","VA-140"
"709","VA-140"
"710","ID-260"
"711","ID-260"
"712","ID-260"
"713","ID-260"
"714","ID-260"
"715","ID-260"
"716","ID-260"
"717","ID-260"
"718","ID-260"
"719","ID-260"
"720","ID-260"
"721","ID-260"
"722","ID-260"
"723","ID-260"
"724","ID-260"
"725","ID-260"
"726","ID-260"
"727","ID-260"
"728","ID-260"
"729","ID-260"
"730","ID-260"
"731","ID-260"
"732","ID-260"
"733","ID-260"
"734","ID-260"
"735","NC-380"
"736","NC-380"
"737","NC-380"
"738","NC-380"
"739","NC-380"
"740","MA-460"
"741","MA-460"
"742","MA-460"
"743","MA-460"
"744","MA-460"
"745","MA-460"
"746","MA-460"
"747","MA-460"
"748","MA-460"
"749","MA-460"
"750","MA-460"
"751","MA-460"
"752","MA-460"
"753","MA-460"
"754","MA-460"
"755","NH-460"
"756","NH-460"
"757","NH-460"
"758","NH-460"
"759","NH-460"
"760","MA-460"
"761","MA-460"
"762","MA-460"
"763","MA-460"
"764","MA-460"
"765","MA-460"
"766","MA-460"
"767","MA-460"
"768","MA-460"
"769","MA-460"
"770","NH-460"
"771","NH-460"
"772","NH-460"
"773","NH-460"
"774","NH-460"
"775","WA-740"
"776","WA-740"
"777","WA-740"
"778","WA-740"
"779","WA-740"
"780","TX-180"
"781","TX-180"
"782","TX-180"
"783","TX-180"
"784","TX-180"
"785","GA-260"
"786","GA-260"
"787","GA-260"
"788","GA-260"
"789","GA-260"
"790","GA-260"
"791","GA-260"
"792","GA-260"
"793","GA-260"
"794","GA-260"
"795","GA-260"
"796","GA-260"
"797","GA-260"
"798","GA-260"
"799","GA-260"
"800","OH-340"
"801","OH-340"
"802","OH-340"
"803","OH-340"
"804","OH-340"
"805","NY-380"
"806","NY-380"
"807","NY-380"
"808","NY-380"
"809","NY-380"
"810","NY-380"
"811","NY-380"
"812","NY-380"
"813","NY-380"
"814","NY-380"
"815","NC-500"
"816","NC-500"
"817","NC-500"
"818","NC-500"
"819","NC-500"
"820","VT-540"
"821","VT-540"
"822","VT-540"
"823","VT-540"
"824","VT-540"
"825","VT-540"
"826","VT-540"
"827","VT-540"
"828","VT-540"
"829","VT-540"
"830","VT-540"
"831","VT-540"
"832","VT-540"
"833","VT-540"
"834","VT-540"
"835","MD-680"
"836","MD-680"
"837","MD-680"
"838","MD-680"
"839","MD-680"
"840","OH-740"
"841","OH-740"
"842","OH-740"
"843","OH-740"
"844","OH-740"
"845","KY-820"
"846","KY-820"
"847","KY-820"
"848","KY-820"
"849","KY-820"
"850","OH-940"
"851","OH-940"
"852","OH-940"
"853","OH-940"
"854","OH-940"
"855","OH-940"
"856","OH-940"
"857","OH-940"
"858","OH-940"
"859","OH-940"
"860","FL-980"
"861","FL-980"
"862","FL-980"
"863","FL-980"
"864","FL-980"
"865","NM-100"
"866","NM-100"
"867","NM-100"
"868","NM-100"
"869","NM-100"
"870","NV-180"
"871","NV-180"
"872","NV-180"
"873","NV-180"
"874","NV-180"
"875","IA-300"
"876","IA-300"
"877","IA-300"
"878","IA-300"
"879","IA-300"
"880","IA-300"
"881","IA-300"
"882","IA-300"
"883","IA-300"
"884","IA-300"
"885","IA-300"
"886","IA-300"
"887","IA-300"
"888","IA-300"
"889","IA-300"
"890","PA-540"
"891","PA-540"
"892","PA-540"
"893","PA-540"
"894","PA-540"
"895","IL-580"
"896","IL-580"
"897","IL-580"
"898","IL-580"
"899","IL-580"
"900","IL-580"
"901","IL-580"
"902","IL-580"
"903","IL-580"
"904","IL-580"
"905","IL-580"
"906","IL-580"
"907","IL-580"
"908","IL-580"
"909","IL-580"
"910","WV-620"
"911","WV-620"
"912","WV-620"
"913","WV-620"
"914","WV-620"
"915","WV-620"
"916","WV-620"
"917","WV-620"
"918","WV-620"
"919","WV-620"
"920","WV-620"
"921","WV-620"
"922","WV-620"
"923","WV-620"
"924","WV-620"
"925","SC-700"
"926","SC-700"
"927","SC-700"
"928","SC-700"
"929","SC-700"
"930","SC-700"
"931","SC-700"
"932","SC-700"
"933","SC-700"
"934","SC-700"
"935","SC-700"
"936","SC-700"
"937","SC-700"
"938","SC-700"
"939","SC-700"
"940","NC-740"
"941","NC-740"
"942","NC-740"
"943","NC-740"
"944","NC-740"
"945","SC-740"
"946","SC-740"
"947","SC-740"
"948","SC-740"
"949","SC-740"
"950","SC-740"
"951","SC-740"
"952","SC-740"
"953","SC-740"
"954","SC-740"
"955","NC-740"
"956","NC-740"
"957","NC-740"
"958","NC-740"
"959","NC-740"
"960","NC-740"
"961","NC-740"
"962","NC-740"
"963","NC-740"
"964","NC-740"
"965","NC-740"
"966","NC-740"
"967","NC-740"
"968","NC-740"
"969","NC-740"
"970","NC-740"
"971","NC-740"
"972","NC-740"
"973","NC-740"
"974","NC-740"
"975","NC-740"
"976","NC-740"
"977","NC-740"
"978","NC-740"
"979","NC-740"
"980","SC-740"
"981","SC-740"
"982","SC-740"
"983","SC-740"
"984","SC-740"
"985","NC-740"
"986","NC-740"
"987","NC-740"
"988","NC-740"
"989","NC-740"
"990","VA-820"
"991","VA-820"
"992","VA-820"
"993","VA-820"
"994","VA-820"
"995","VA-820"
"996","VA-820"
"997","VA-820"
"998","VA-820"
"999","VA-820"
"1000","VA-820"
"1001","VA-820"
"1002","VA-820"
"1003","VA-820"
"1004","VA-820"
"1005","VA-820"
"1006","VA-820"
"1007","VA-820"
"1008","VA-820"
"1009","VA-820"
"1010","VA-820"
"1011","VA-820"
"1012","VA-820"
"1013","VA-820"
"1014","VA-820"
"1015","VA-820"
"1016","VA-820"
"1017","VA-820"
"1018","VA-820"
"1019","VA-820"
"1020","GA-860"
"1021","GA-860"
"1022","GA-860"
"1023","GA-860"
"1024","GA-860"
"1025","TN-860"
"1026","TN-860"
"1027","TN-860"
"1028","TN-860"
"1029","TN-860"
"1030","TN-860"
"1031","TN-860"
"1032","TN-860"
"1033","TN-860"
"1034","TN-860"
"1035","GA-860"
"1036","GA-860"
"1037","GA-860"
"1038","GA-860"
"1039","GA-860"
"1040","TN-860"
"1041","TN-860"
"1042","TN-860"
"1043","TN-860"
"1044","TN-860"
"1045","GA-860"
"1046","GA-860"
"1047","GA-860"
"1048","GA-860"
"1049","GA-860"
"1050","WY-940"
"1051","WY-940"
"1052","WY-940"
"1053","WY-940"
"1054","WY-940"
"1055","IL-980"
"1056","IL-980"
"1057","IL-980"
"1058","IL-980"
"1059","IL-980"
"1060","IL-980"
"1061","IL-980"
"1062","IL-980"
"1063","IL-980"
"1064","IL-980"
"1065","IL-980"
"1066","IL-980"
"1067","IL-980"
"1068","IL-980"
"1069","IL-980"
"1070","IL-980"
"1071","IL-980"
"1072","IL-980"
"1073","IL-980"
"1074","IL-980"
"1075","IL-980"
"1076","IL-980"
"1077","IL-980"
"1078","IL-980"
"1079","IL-980"
"1080","IN-980"
"1081","IN-980"
"1082","IN-980"
"1083","IN-980"
"1084","IN-980"
"1085","IN-980"
"1086","IN-980"
"1087","IN-980"
"1088","IN-980"
"1089","IN-980"
"1090","IL-980"
"1091","IL-980"
"1092","IL-980"
"1093","IL-980"
"1094","IL-980"
"1095","IN-980"
"1096","IN-980"
"1097","IN-980"
"1098","IN-980"
"1099","IN-980"
"1100","IL-980"
"1101","IL-980"
"1102","IL-980"
"1103","IL-980"
"1104","IL-980"
"1105","IN-980"
"1106","IN-980"
"1107","IN-980"
"1108","IN-980"
"1109","IN-980"
"1110","WI-980"
"1111","WI-980"
"1112","WI-980"
"1113","WI-980"
"1114","WI-980"
"1115","IL-980"
"1116","IL-980"
"1117","IL-980"
"1118","IL-980"
"1119","IL-980"
"1120","IL-980"
"1121","IL-980"
"1122","IL-980"
"1123","IL-980"
"1124","IL-980"
"1125","OH-060"
"1126","OH-060"
"1127","OH-060"
"1128","OH-060"
"1129","OH-060"
"1130","KY-140"
"1131","KY-140"
"1132","KY-140"
"1133","KY-140"
"1134","KY-140"
"1135","IN-140"
"1136","IN-140"
"1137","IN-140"
"1138","IN-140"
"1139","IN-140"
"1140","KY-140"
"1141","KY-140"
"1142","KY-140"
"1143","KY-140"
"1144","KY-140"
"1145","KY-140"
"1146","KY-140"
"1147","KY-140"
"1148","KY-140"
"1149","KY-140"
"1150","KY-140"
"1151","KY-140"
"1152","KY-140"
"1153","KY-140"
"1154","KY-140"
"1155","IN-140"
"1156","IN-140"
"1157","IN-140"
"1158","IN-140"
"1159","IN-140"
"1160","OH-140"
"1161","OH-140"
"1162","OH-140"
"1163","OH-140"
"1164","OH-140"
"1165","OH-140"
"1166","OH-140"
"1167","OH-140"
"1168","OH-140"
"1169","OH-140"
"1170","IN-140"
"1171","IN-140"
"1172","IN-140"
"1173","IN-140"
"1174","IN-140"
"1175","KY-140"
"1176","KY-140"
"1177","KY-140"
"1178","KY-140"
"1179","KY-140"
"1180","OH-140"
"1181","OH-140"
"1182","OH-140"
"1183","OH-140"
"1184","OH-140"
"1185","KY-140"
"1186","KY-140"
"1187","KY-140"
"1188","KY-140"
"1189","KY-140"
"1190","OH-140"
"1191","OH-140"
"1192","OH-140"
"1193","OH-140"
"1194","OH-140"
"1195","KY-140"
"1196","KY-140"
"1197","KY-140"
"1198","KY-140"
"1199","KY-140"
"1200","OH-140"
"1201","OH-140"
"1202","OH-140"
"1203","OH-140"
"1204","OH-140"
"1205","NH-200"
"1206","NH-200"
"1207","NH-200"
"1208","NH-200"
"1209","NH-200"
"1210","VT-200"
"1211","VT-200"
"1212","VT-200"
"1213","VT-200"
"1214","VT-200"
"1215","VT-200"
"1216","VT-200"
"1217","VT-200"
"1218","VT-200"
"1219","VT-200"
"1220","NH-200"
"1221","NH-200"
"1222","NH-200"
"1223","NH-200"
"1224","NH-200"
"1225","WV-220"
"1226","WV-220"
"1227","WV-220"
"1228","WV-220"
"1229","WV-220"
"1230","WV-220"
"1231","WV-220"
"1232","WV-220"
"1233","WV-220"
"1234","WV-220"
"1235","WV-220"
"1236","WV-220"
"1237","WV-220"
"1238","WV-220"
"1239","WV-220"
"1240","TN-300"
"1241","TN-300"
"1242","TN-300"
"1243","TN-300"
"1244","TN-300"
"1245","KY-300"
"1246","KY-300"
"1247","KY-300"
"1248","KY-300"
"1249","KY-300"
"1250","KY-300"
"1251","KY-300"
"1252","KY-300"
"1253","KY-300"
"1254","KY-300"
"1255","MS-380"
"1256","MS-380"
"1257","MS-380"
"1258","MS-380"
"1259","MS-380"
"1260","OH-460"
"1261","OH-460"
"1262","OH-460"
"1263","OH-460"
"1264","OH-460"
"1265","OH-460"
"1266","OH-460"
"1267","OH-460"
"1268","OH-460"
"1269","OH-460"
"1270","OH-460"
"1271","OH-460"
"1272","OH-460"
"1273","OH-460"
"1274","OH-460"
"1275","OH-460"
"1276","OH-460"
"1277","OH-460"
"1278","OH-460"
"1279","OH-460"
"1280","OH-460"
"1281","OH-460"
"1282","OH-460"
"1283","OH-460"
"1284","OH-460"
"1285","MI-740"
"1286","MI-740"
"1287","MI-740"
"1288","MI-740"
"1289","MI-740"
"1290","TX-780"
"1291","TX-780"
"1292","TX-780"
"1293","TX-780"
"1294","TX-780"
"1295","TX-780"
"1296","TX-780"
"1297","TX-780"
"1298","TX-780"
"1299","TX-780"
"1300","TX-780"
"1301","TX-780"
"1302","TX-780"
"1303","TX-780"
"1304","TX-780"
"1305","MO-860"
"1306","MO-860"
"1307","MO-860"
"1308","MO-860"
"1309","MO-860"
"1310","SC-900"
"1311","SC-900"
"1312","SC-900"
"1313","SC-900"
"1314","SC-900"
"1315","SC-900"
"1316","SC-900"
"1317","SC-900"
"1318","SC-900"
"1319","SC-900"
"1320","SC-900"
"1321","SC-900"
"1322","SC-900"
"1323","SC-900"
"1324","SC-900"
"1325","SC-900"
"1326","SC-900"
"1327","SC-900"
"1328","SC-900"
"1329","SC-900"
"1330","SC-900"
"1331","SC-900"
"1332","SC-900"
"1333","SC-900"
"1334","SC-900"
"1335","SC-900"
"1336","SC-900"
"1337","SC-900"
"1338","SC-900"
"1339","SC-900"
"1340","GA-980"
"1341","GA-980"
"1342","GA-980"
"1343","GA-980"
"1344","GA-980"
"1345","AL-980"
"1346","AL-980"
"1347","AL-980"
"1348","AL-980"
"1349","AL-980"
"1350","GA-980"
"1351","GA-980"
"1352","GA-980"
"1353","GA-980"
"1354","GA-980"
"1355","GA-980"
"1356","GA-980"
"1357","GA-980"
"1358","GA-980"
"1359","GA-980"
"1360","GA-980"
"1361","GA-980"
"1362","GA-980"
"1363","GA-980"
"1364","GA-980"
"1365","OH-140"
"1366","OH-140"
"1367","OH-140"
"1368","OH-140"
"1369","OH-140"
"1370","OH-140"
"1371","OH-140"
"1372","OH-140"
"1373","OH-140"
"1374","OH-140"
"1375","OH-140"
"1376","OH-140"
"1377","OH-140"
"1378","OH-140"
"1379","OH-140"
"1380","OH-140"
"1381","OH-140"
"1382","OH-140"
"1383","OH-140"
"1384","OH-140"
"1385","OH-140"
"1386","OH-140"
"1387","OH-140"
"1388","OH-140"
"1389","OH-140"
"1390","OH-140"
"1391","OH-140"
"1392","OH-140"
"1393","OH-140"
"1394","OH-140"
"1395","OH-140"
"1396","OH-140"
"1397","OH-140"
"1398","OH-140"
"1399","OH-140"
"1400","OH-140"
"1401","OH-140"
"1402","OH-140"
"1403","OH-140"
"1404","OH-140"
"1405","OH-140"
"1406","OH-140"
"1407","OH-140"
"1408","OH-140"
"1409","OH-140"
"1410","OH-140"
"1411","OH-140"
"1412","OH-140"
"1413","OH-140"
"1414","OH-140"
"1415","NH-180"
"1416","NH-180"
"1417","NH-180"
"1418","NH-180"
"1419","NH-180"
"1420","TN-260"
"1421","TN-260"
"1422","TN-260"
"1423","TN-260"
"1424","TN-260"
"1425","TN-260"
"1426","TN-260"
"1427","TN-260"
"1428","TN-260"
"1429","TN-260"
"1430","TN-260"
"1431","TN-260"
"1432","TN-260"
"1433","TN-260"
"1434","TN-260"
"1435","TX-580"
"1436","TX-580"
"1437","TX-580"
"1438","TX-580"
"1439","TX-580"
"1440","TX-580"
"1441","TX-580"
"1442","TX-580"
"1443","TX-580"
"1444","TX-580"
"1445","TX-580"
"1446","TX-580"
"1447","TX-580"
"1448","TX-580"
"1449","TX-580"
"1450","NY-660"
"1451","NY-660"
"1452","NY-660"
"1453","NY-660"
"1454","NY-660"
"1455","OR-700"
"1456","OR-700"
"1457","OR-700"
"1458","OR-700"
"1459","OR-700"
"1460","FL-880"
"1461","FL-880"
"1462","FL-880"
"1463","FL-880"
"1464","FL-880"
"1465","FL-880"
"1466","FL-880"
"1467","FL-880"
"1468","FL-880"
"1469","FL-880"
"1470","TX-100"
"1471","TX-100"
"1472","TX-100"
"1473","TX-100"
"1474","TX-100"
"1475","TX-100"
"1476","TX-100"
"1477","TX-100"
"1478","TX-100"
"1479","TX-100"
"1480","TX-100"
"1481","TX-100"
"1482","TX-100"
"1483","TX-100"
"1484","TX-100"
"1485","TX-100"
"1486","TX-100"
"1487","TX-100"
"1488","TX-100"
"1489","TX-100"
"1490","TX-100"
"1491","TX-100"
"1492","TX-100"
"1493","TX-100"
"1494","TX-100"
"1495","TX-100"
"1496","TX-100"
"1497","TX-100"
"1498","TX-100"
"1499","TX-100"
"1500","TX-100"
"1501","TX-100"
"1502","TX-100"
"1503","TX-100"
"1504","TX-100"
"1505","TX-100"
"1506","TX-100"
"1507","TX-100"
"1508","TX-100"
"1509","TX-100"
"1510","TX-100"
"1511","TX-100"
"1512","TX-100"
"1513","TX-100"
"1514","TX-100"
"1515","TX-100"
"1516","TX-100"
"1517","TX-100"
"1518","TX-100"
"1519","TX-100"
"1520","TX-100"
"1521","TX-100"
"1522","TX-100"
"1523","TX-100"
"1524","TX-100"
"1525","TX-100"
"1526","TX-100"
"1527","TX-100"
"1528","TX-100"
"1529","TX-100"
"1530","TX-100"
"1531","TX-100"
"1532","TX-100"
"1533","TX-100"
"1534","TX-100"
"1535","VA-260"
"1536","VA-260"
"1537","VA-260"
"1538","VA-260"
"1539","VA-260"
"1540","VA-260"
"1541","VA-260"
"1542","VA-260"
"1543","VA-260"
"1544","VA-260"
"1545","IL-340"
"1546","IL-340"
"1547","IL-340"
"1548","IL-340"
"1549","IL-340"
"1550","IL-340"
"1551","IL-340"
"1552","IL-340"
"1553","IL-340"
"1554","IL-340"
"1555","IA-340"
"1556","IA-340"
"1557","IA-340"
"1558","IA-340"
"1559","IA-340"
"1560","IL-340"
"1561","IL-340"
"1562","IL-340"
"1563","IL-340"
"1564","IL-340"
"1565","OH-380"
"1566","OH-380"
"1567","OH-380"
"1568","OH-380"
"1569","OH-380"
"1570","OH-380"
"1571","OH-380"
"1572","OH-380"
"1573","OH-380"
"1574","OH-380"
"1575","OH-380"
"1576","OH-380"
"1577","OH-380"
"1578","OH-380"
"1579","OH-380"
"1580","IL-500"
"1581","IL-500"
"1582","IL-500"
"1583","IL-500"
"1584","IL-500"
"1585","IN-540"
"1586","IN-540"
"1587","IN-540"
"1588","IN-540"
"1589","IN-540"
"1590","FL-660"
"1591","FL-660"
"1592","FL-660"
"1593","FL-660"
"1594","FL-660"
"1595","FL-660"
"1596","FL-660"
"1597","FL-660"
"1598","FL-660"
"1599","FL-660"
"1600","IA-780"
"1601","IA-780"
"1602","IA-780"
"1603","IA-780"
"1604","IA-780"
"1605","IA-780"
"1606","IA-780"
"1607","IA-780"
"1608","IA-780"
"1609","IA-780"
"1610","IA-780"
"1611","IA-780"
"1612","IA-780"
"1613","IA-780"
"1614","IA-780"
"1615","IA-780"
"1616","IA-780"
"1617","IA-780"
"1618","IA-780"
"1619","IA-780"
"1620","IA-780"
"1621","IA-780"
"1622","IA-780"
"1623","IA-780"
"1624","IA-780"
"1625","MI-820"
"1626","MI-820"
"1627","MI-820"
"1628","MI-820"
"1629","MI-820"
"1630","MI-820"
"1631","MI-820"
"1632","MI-820"
"1633","MI-820"
"1634","MI-820"
"1635","MI-820"
"1636","MI-820"
"1637","MI-820"
"1638","MI-820"
"1639","MI-820"
"1640","MI-820"
"1641","MI-820"
"1642","MI-820"
"1643","MI-820"
"1644","MI-820"
"1645","MI-820"
"1646","MI-820"
"1647","MI-820"
"1648","MI-820"
"1649","MI-820"
"1650","MI-820"
"1651","MI-820"
"1652","MI-820"
"1653","MI-820"
"1654","MI-820"
"1655","IL-940"
"1656","IL-940"
"1657","IL-940"
"1658","IL-940"
"1659","IL-940"
"1660","DE-100"
"1661","DE-100"
"1662","DE-100"
"1663","DE-100"
"1664","DE-100"
"1665","PA-180"
"1666","PA-180"
"1667","PA-180"
"1668","PA-180"
"1669","PA-180"
"1670","MN-260"
"1671","MN-260"
"1672","MN-260"
"1673","MN-260"
"1674","MN-260"
"1675","WI-260"
"1676","WI-260"
"1677","WI-260"
"1678","WI-260"
"1679","WI-260"
"1680","MN-260"
"1681","MN-260"
"1682","MN-260"
"1683","MN-260"
"1684","MN-260"
"1685","NC-500"
"1686","NC-500"
"1687","NC-500"
"1688","NC-500"
"1689","NC-500"
"1690","NC-500"
"1691","NC-500"
"1692","NC-500"
"1693","NC-500"
"1694","NC-500"
"1695","NC-500"
"1696","NC-500"
"1697","NC-500"
"1698","NC-500"
"1699","NC-500"
"1700","NC-500"
"1701","NC-500"
"1702","NC-500"
"1703","NC-500"
"1704","NC-500"
"1705","PA-700"
"1706","PA-700"
"1707","PA-700"
"1708","PA-700"
"1709","PA-700"
"1710","WI-740"
"1711","WI-740"
"1712","WI-740"
"1713","WI-740"
"1714","WI-740"
"1715","WI-740"
"1716","WI-740"
"1717","WI-740"
"1718","WI-740"
"1719","WI-740"
"1720","KY-060"
"1721","KY-060"
"1722","KY-060"
"1723","KY-060"
"1724","KY-060"
"1725","KY-060"
"1726","KY-060"
"1727","KY-060"
"1728","KY-060"
"1729","KY-060"
"1730","KY-060"
"1731","KY-060"
"1732","KY-060"
"1733","KY-060"
"1734","KY-060"
"1735","IN-140"
"1736","IN-140"
"1737","IN-140"
"1738","IN-140"
"1739","IN-140"
"1740","NY-300"
"1741","NY-300"
"1742","NY-300"
"1743","NY-300"
"1744","NY-300"
"1745","TX-340"
"1746","TX-340"
"1747","TX-340"
"1748","TX-340"
"1749","TX-340"
"1750","TX-340"
"1751","TX-340"
"1752","TX-340"
"1753","TX-340"
"1754","TX-340"
"1755","PA-500"
"1756","PA-500"
"1757","PA-500"
"1758","PA-500"
"1759","PA-500"
"1760","OR-660"
"1761","OR-660"
"1762","OR-660"
"1763","OR-660"
"1764","OR-660"
"1765","IN-780"
"1766","IN-780"
"1767","IN-780"
"1768","IN-780"
"1769","IN-780"
"1770","IN-780"
"1771","IN-780"
"1772","IN-780"
"1773","IN-780"
"1774","IN-780"
"1775","IN-780"
"1776","IN-780"
"1777","IN-780"
"1778","IN-780"
"1779","IN-780"
"1780","KY-780"
"1781","KY-780"
"1782","KY-780"
"1783","KY-780"
"1784","KY-780"
"1785","ND-020"
"1786","ND-020"
"1787","ND-020"
"1788","ND-020"
"1789","ND-020"
"1790","MN-020"
"1791","MN-020"
"1792","MN-020"
"1793","MN-020"
"1794","MN-020"
"1795","NC-180"
"1796","NC-180"
"1797","NC-180"
"1798","NC-180"
"1799","NC-180"
"1800","NC-180"
"1801","NC-180"
"1802","NC-180"
"1803","NC-180"
"1804","NC-180"
"1805","MI-420"
"1806","MI-420"
"1807","MI-420"
"1808","MI-420"
"1809","MI-420"
"1810","SC-500"
"1811","SC-500"
"1812","SC-500"
"1813","SC-500"
"1814","SC-500"
"1815","SC-500"
"1816","SC-500"
"1817","SC-500"
"1818","SC-500"
"1819","SC-500"
"1820","LA-860"
"1821","LA-860"
"1822","LA-860"
"1823","LA-860"
"1824","IN-060"
"1825","IN-060"
"1826","IN-060"
"1827","IN-060"
"1828","IN-060"
"1829","IN-060"
"1830","IN-060"
"1831","IN-060"
"1832","IN-060"
"1833","IN-060"
"1834","IN-060"
"1835","IN-060"
"1836","IN-060"
"1837","IN-060"
"1838","IN-060"
"1839","KY-180"
"1840","KY-180"
"1841","KY-180"
"1842","KY-180"
"1843","KY-180"
"1844","KY-180"
"1845","KY-180"
"1846","KY-180"
"1847","KY-180"
"1848","KY-180"
"1849","TX-240"
"1850","TX-240"
"1851","TX-240"
"1852","TX-240"
"1853","TX-240"
"1854","IL-300"
"1855","IL-300"
"1856","IL-300"
"1857","IL-300"
"1858","IL-300"
"1859","NE-340"
"1860","NE-340"
"1861","NE-340"
"1862","NE-340"
"1863","NE-340"
"1864","FL-540"
"1865","FL-540"
"1866","FL-540"
"1867","FL-540"
"1868","FL-540"
"1869","FL-540"
"1870","FL-540"
"1871","FL-540"
"1872","FL-540"
"1873","FL-540"
"1874","GA-580"
"1875","GA-580"
"1876","GA-580"
"1877","GA-580"
"1878","GA-580"
"1879","TX-620"
"1880","TX-620"
"1881","TX-620"
"1882","IL-660"
"1883","IL-660"
"1884","IL-660"
"1885","IL-660"
"1886","IL-660"
"1887","NY-020"
"1888","NY-020"
"1889","NY-020"
"1890","NY-020"
"1891","NY-020"
"1892","NY-020"
"1893","NY-020"
"1894","NY-020"
"1895","NY-020"
"1896","NY-020"
"1897","NC-140"
"1898","NC-140"
"1899","NC-140"
"1900","NC-140"
"1901","NC-140"
"1902","MI-340"
"1903","MI-340"
"1904","MI-340"
"1905","MI-340"
"1906","MI-340"
"1907","MI-340"
"1908","MI-340"
"1909","MI-340"
"1910","MI-340"
"1911","MI-340"
"1912","MI-340"
"1913","MI-340"
"1914","MI-340"
"1915","MI-340"
"1916","MI-340"
"1917","MI-340"
"1918","MI-340"
"1919","MI-340"
"1920","MI-340"
"1921","MI-340"
"1922","WI-580"
"1923","WI-580"
"1924","WI-580"
"1925","WI-580"
"1926","WI-580"
"1927","WI-580"
"1928","WI-580"
"1929","WI-580"
"1930","WI-580"
"1931","WI-580"
"1932","WI-580"
"1933","WI-580"
"1934","WI-580"
"1935","WI-580"
"1936","WI-580"
"1937","MA-640"
"1938","MA-640"
"1939","MA-640"
"1940","MA-640"
"1941","MA-640"
"1942","NC-660"
"1943","NC-660"
"1944","NC-660"
"1945","NC-660"
"1946","NC-660"
"1947","NC-660"
"1948","NC-660"
"1949","NC-660"
"1950","NC-660"
"1951","NC-660"
"1952","NC-660"
"1953","NC-660"
"1954","NC-660"
"1955","NC-660"
"1956","NC-660"
"1957","NC-780"
"1958","NC-780"
"1959","NC-780"
"1960","NC-780"
"1961","NC-780"
"1962","SC-860"
"1963","SC-860"
"1964","SC-860"
"1965","SC-860"
"1966","SC-860"
"1967","SC-860"
"1968","SC-860"
"1969","SC-860"
"1970","SC-860"
"1971","SC-860"
"1972","SC-860"
"1973","SC-860"
"1974","SC-860"
"1975","SC-860"
"1976","SC-860"
"1977","SC-860"
"1978","SC-860"
"1979","SC-860"
"1980","SC-860"
"1981","SC-860"
"1982","MS-060"
"1983","MS-060"
"1984","MS-060"
"1985","MS-060"
"1986","MS-060"
"1987","MS-060"
"1988","MS-060"
"1989","MS-060"
"1990","MS-060"
"1991","MS-060"
"1992","MS-060"
"1993","MS-060"
"1994","MS-060"
"1995","MS-060"
"1996","MS-060"
"1997","MD-180"
"1998","MD-180"
"1999","MD-180"
"2000","MD-180"
"2001","MD-180"
"2002","WV-180"
"2003","WV-180"
"2004","WV-180"
"2005","WV-180"
"2006","WV-180"
"2007","LA-220"
"2008","LA-220"
"2009","LA-220"
"2010","LA-220"
"2011","LA-220"
"2012","PA-420"
"2013","PA-420"
"2014","PA-420"
"2015","PA-420"
"2016","PA-420"
"2017","PA-420"
"2018","PA-420"
"2019","PA-420"
"2020","PA-420"
"2021","PA-420"
"2022","PA-420"
"2023","PA-420"
"2024","PA-420"
"2025","PA-420"
"2026","PA-420"
"2027","MS-620"
"2028","MS-620"
"2029","MS-620"
"2030","MS-620"
"2031","MS-620"
"2032","MS-620"
"2033","MS-620"
"2034","MS-620"
"2035","MS-620"
"2036","MS-620"
"2037","MS-620"
"2038","MS-620"
"2039","MS-620"
"2040","MS-620"
"2041","MS-620"
"2042","NC-860"
"2043","NC-860"
"2044","NC-860"
"2045","NC-860"
"2046","NC-860"
"2047","NC-860"
"2048","NC-860"
"2049","NC-860"
"2050","NC-860"
"2051","NC-860"
"2052","NC-860"
"2053","NC-860"
"2054","NC-860"
"2055","NC-860"
"2056","NC-860"
"2057","NC-860"
"2058","NC-860"
"2059","NC-860"
"2060","NC-860"
"2061","NC-860"
"2062","SC-940"
"2063","SC-940"
"2064","SC-940"
"2065","SC-940"
"2066","SC-940"
"2067","SC-940"
"2068","SC-940"
"2069","SC-940"
"2070","SC-940"
"2071","SC-940"
"2072","MI-090"
"2073","MI-090"
"2074","MI-090"
"2075","MI-090"
"2076","MI-090"
"2077","FL-140"
"2078","FL-140"
"2079","FL-140"
"2080","FL-140"
"2081","FL-140"
"2082","LA-380"
"2083","LA-380"
"2084","LA-380"
"2085","LA-380"
"2086","LA-380"
"2087","LA-380"
"2088","LA-380"
"2089","LA-380"
"2090","LA-380"
"2091","LA-380"
"2092","TX-420"
"2093","TX-420"
"2094","TX-420"
"2095","TX-420"
"2096","TX-420"
"2097","TX-420"
"2098","TX-420"
"2099","TX-420"
"2100","TX-420"
"2101","TX-420"
"2102","TX-420"
"2103","TX-420"
"2104","TX-420"
"2105","TX-420"
"2106","TX-420"
"2107","TX-420"
"2108","TX-420"
"2109","TX-420"
"2110","TX-420"
"2111","TX-420"
"2112","TX-420"
"2113","TX-420"
"2114","TX-420"
"2115","TX-420"
"2116","TX-420"
"2117","TX-420"
"2118","TX-420"
"2119","TX-420"
"2120","TX-420"
"2121","TX-420"
"2122","TX-420"
"2123","TX-420"
"2124","TX-420"
"2125","TX-420"
"2126","TX-420"
"2127","TX-420"
"2128","TX-420"
"2129","TX-420"
"2130","TX-420"
"2131","TX-420"
"2132","TX-420"
"2133","TX-420"
"2134","TX-420"
"2135","TX-420"
"2136","TX-420"
"2137","PA-500"
"2138","PA-500"
"2139","PA-500"
"2140","PA-500"
"2141","OH-580"
"2142","OH-580"
"2143","OH-580"
"2144","OH-580"
"2145","OH-580"
"2146","WV-580"
"2147","WV-580"
"2148","WV-580"
"2149","WV-580"
"2150","WV-580"
"2151","WV-580"
"2152","WV-580"
"2153","WV-580"
"2154","WV-580"
"2155","WV-580"
"2156","WV-580"
"2157","WV-580"
"2158","WV-580"
"2159","WV-580"
"2160","WV-580"
"2161","KY-580"
"2162","KY-580"
"2163","KY-580"
"2164","KY-580"
"2165","KY-580"
"2166","WV-580"
"2167","WV-580"
"2168","WV-580"
"2169","WV-580"
"2170","WV-580"
"2171","KY-580"
"2172","KY-580"
"2173","KY-580"
"2174","KY-580"
"2175","KY-580"
"2176","PA-860"
"2177","PA-860"
"2178","PA-860"
"2179","PA-860"
"2180","PA-860"
"2181","IN-900"
"2182","IN-900"
"2183","IN-900"
"2184","IN-900"
"2185","IN-900"
"2186","IN-900"
"2187","IN-900"
"2188","IN-900"
"2189","IN-900"
"2190","IN-900"
"2191","IN-900"
"2192","IN-900"
"2193","IN-900"
"2194","IN-900"
"2195","IN-900"
"2196","IN-900"
"2197","IN-900"
"2198","IN-900"
"2199","IN-900"
"2200","IN-900"
"2201","IN-900"
"2202","IN-900"
"2203","IN-900"
"2204","IN-900"
"2205","IN-900"
"2206","IN-900"
"2207","IN-900"
"2208","IN-900"
"2209","IN-900"
"2210","IN-900"
"2211","IN-900"
"2212","IN-900"
"2213","IN-900"
"2214","IN-900"
"2215","IN-900"
"2216","IN-900"
"2217","IN-900"
"2218","IN-900"
"2219","IN-900"
"2220","IN-900"
"2221","IN-900"
"2222","IN-900"
"2223","IN-900"
"2224","IN-900"
"2225","IN-900"
"2226","IN-900"
"2227","IN-900"
"2228","IN-900"
"2229","IN-900"
"2230","IN-900"
"2231","IN-900"
"2232","IN-900"
"2233","IN-900"
"2234","IN-900"
"2235","IN-900"
"2236","IA-980"
"2237","IA-980"
"2238","IA-980"
"2239","IA-980"
"2240","IA-980"
"2241","IA-980"
"2242","IA-980"
"2243","IA-980"
"2244","IA-980"
"2245","IA-980"
"2246","MI-100"
"2247","MI-100"
"2248","MI-100"
"2249","MI-100"
"2250","MI-100"
"2251","MS-140"
"2252","MS-140"
"2253","MS-140"
"2254","MS-140"
"2255","MS-140"
"2256","MS-140"
"2257","MS-140"
"2258","MS-140"
"2259","MS-140"
"2260","MS-140"
"2261","MS-140"
"2262","MS-140"
"2263","MS-140"
"2264","MS-140"
"2265","MS-140"
"2266","MS-140"
"2267","MS-140"
"2268","MS-140"
"2269","MS-140"
"2270","MS-140"
"2271","MS-140"
"2272","MS-140"
"2273","MS-140"
"2274","MS-140"
"2275","MS-140"
"2276","MS-140"
"2277","MS-140"
"2278","MS-140"
"2279","MS-140"
"2280","MS-140"
"2281","OH-160"
"2282","OH-160"
"2283","OH-160"
"2284","OH-160"
"2285","OH-160"
"2286","FL-260"
"2287","FL-260"
"2288","FL-260"
"2289","FL-260"
"2290","FL-260"
"2291","FL-260"
"2292","FL-260"
"2293","FL-260"
"2294","FL-260"
"2295","FL-260"
"2296","FL-260"
"2297","FL-260"
"2298","FL-260"
"2299","FL-260"
"2300","FL-260"
"2301","FL-260"
"2302","FL-260"
"2303","FL-260"
"2304","FL-260"
"2305","FL-260"
"2306","FL-260"
"2307","FL-260"
"2308","FL-260"
"2309","FL-260"
"2310","FL-260"
"2311","NY-460"
"2312","NY-460"
"2313","NY-460"
"2314","NY-460"
"2315","NY-460"
"2316","WI-500"
"2317","WI-500"
"2318","WI-500"
"2319","WI-500"
"2320","WI-500"
"2321","MO-620"
"2322","MO-620"
"2323","MO-620"
"2324","MO-620"
"2325","MO-620"
"2326","MO-620"
"2327","MO-620"
"2328","MO-620"
"2329","MO-620"
"2330","MO-620"
"2331","MO-620"
"2332","MO-620"
"2333","MO-620"
"2334","MO-620"
"2335","MO-620"
"2336","MO-620"
"2337","MO-620"
"2338","MO-620"
"2339","MO-620"
"2340","MO-620"
"2341","TN-740"
"2342","TN-740"
"2343","TN-740"
"2344","TN-740"
"2345","TN-740"
"2346","TN-740"
"2347","TN-740"
"2348","TN-740"
"2349","TN-740"
"2350","TN-740"
"2351","TN-740"
"2352","TN-740"
"2353","TN-740"
"2354","TN-740"
"2355","TN-740"
"2356","PA-780"
"2357","PA-780"
"2358","PA-780"
"2359","PA-780"
"2360","PA-780"
"2361","MO-900"
"2362","MO-900"
"2363","MO-900"
"2364","MO-900"
"2365","MO-900"
"2366","MO-900"
"2367","MO-900"
"2368","MO-900"
"2369","MO-900"
"2370","MO-900"
"2371","MI-020"
"2372","MI-020"
"2373","MI-020"
"2374","MI-020"
"2375","MI-020"
"2376","MI-020"
"2377","MI-020"
"2378","MI-020"
"2379","MI-020"
"2380","MI-020"
"2381","IL-100"
"2382","IL-100"
"2383","IL-100"
"2384","IL-100"
"2385","IL-100"
"2386","KS-140"
"2387","KS-140"
"2388","KS-140"
"2389","KS-140"
"2390","KS-140"
"2391","MO-140"
"2392","MO-140"
"2393","MO-140"
"2394","MO-140"
"2395","MO-140"
"2396","MO-140"
"2397","MO-140"
"2398","MO-140"
"2399","MO-140"
"2400","MO-140"
"2401","KS-140"
"2402","KS-140"
"2403","KS-140"
"2404","KS-140"
"2405","KS-140"
"2406","MO-140"
"2407","MO-140"
"2408","MO-140"
"2409","MO-140"
"2410","MO-140"
"2411","MO-140"
"2412","MO-140"
"2413","MO-140"
"2414","MO-140"
"2415","MO-140"
"2416","MO-140"
"2417","MO-140"
"2418","MO-140"
"2419","MO-140"
"2420","MO-140"
"2421","MO-140"
"2422","MO-140"
"2423","MO-140"
"2424","MO-140"
"2425","MO-140"
"2426","KS-140"
"2427","KS-140"
"2428","KS-140"
"2429","KS-140"
"2430","KS-140"
"2431","MO-140"
"2432","MO-140"
"2433","MO-140"
"2434","MO-140"
"2435","MO-140"
"2436","KS-140"
"2437","KS-140"
"2438","KS-140"
"2439","KS-140"
"2440","KS-140"
"2441","KS-140"
"2442","KS-140"
"2443","KS-140"
"2444","KS-140"
"2445","KS-140"
"2446","MO-140"
"2447","MO-140"
"2448","MO-140"
"2449","MO-140"
"2450","MO-140"
"2451","MO-140"
"2452","MO-140"
"2453","MO-140"
"2454","MO-140"
"2455","MO-140"
"2456","WA-420"
"2457","WA-420"
"2458","WA-420"
"2459","WA-420"
"2460","WA-420"
"2461","WA-420"
"2462","WA-420"
"2463","WA-420"
"2464","WA-420"
"2465","WA-420"
"2466","TX-660"
"2467","TX-660"
"2468","TX-660"
"2469","TX-660"
"2470","TX-660"
"2471","TX-660"
"2472","TX-660"
"2473","TX-660"
"2474","TX-660"
"2475","TX-660"
"2476","TX-660"
"2477","TX-660"
"2478","TX-660"
"2479","TX-660"
"2480","TX-660"
"2481","VA-700"
"2482","VA-700"
"2483","VA-700"
"2484","VA-700"
"2485","VA-700"
"2486","TN-700"
"2487","TN-700"
"2488","TN-700"
"2489","TN-700"
"2490","TN-700"
"2491","VA-700"
"2492","VA-700"
"2493","VA-700"
"2494","VA-700"
"2495","VA-700"
"2496","TN-700"
"2497","TN-700"
"2498","TN-700"
"2499","TN-700"
"2500","TN-700"
"2501","VA-700"
"2502","VA-700"
"2503","VA-700"
"2504","VA-700"
"2505","VA-700"
"2506","NY-740"
"2507","NY-740"
"2508","NY-740"
"2509","NY-740"
"2510","NY-740"
"2511","NC-820"
"2512","NC-820"
"2513","NC-820"
"2514","NC-820"
"2515","NC-820"
"2516","TN-940"
"2517","TN-940"
"2518","TN-940"
"2519","TN-940"
"2520","TN-940"
"2521","TN-940"
"2522","TN-940"
"2523","TN-940"
"2524","TN-940"
"2525","TN-940"
"2526","TN-940"
"2527","TN-940"
"2528","TN-940"
"2529","TN-940"
"2530","TN-940"
"2531","TN-940"
"2532","TN-940"
"2533","TN-940"
"2534","TN-940"
"2535","TN-940"
"2536","TN-940"
"2537","TN-940"
"2538","TN-940"
"2539","TN-940"
"2540","TN-940"
"2541","TN-940"
"2542","TN-940"
"2543","TN-940"
"2544","TN-940"
"2545","TN-940"
"2546","TN-940"
"2547","TN-940"
"2548","TN-940"
"2549","TN-940"
"2550","TN-940"
"2551","TN-940"
"2552","TN-940"
"2553","TN-940"
"2554","TN-940"
"2555","TN-940"
"2556","TN-940"
"2557","TN-940"
"2558","TN-940"
"2559","TN-940"
"2560","TN-940"
"2561","WI-100"
"2562","WI-100"
"2563","WI-100"
"2564","WI-100"
"2565","WI-100"
"2566","MN-100"
"2567","MN-100"
"2568","MN-100"
"2569","MN-100"
"2570","MN-100"
"2571","LA-180"
"2572","LA-180"
"2573","LA-180"
"2574","LA-180"
"2575","LA-180"
"2576","LA-180"
"2577","LA-180"
"2578","LA-180"
"2579","LA-180"
"2580","LA-180"
"2581","LA-180"
"2582","LA-180"
"2583","LA-180"
"2584","LA-180"
"2585","LA-180"
"2586","LA-180"
"2587","LA-180"
"2588","LA-180"
"2589","LA-180"
"2590","LA-180"
"2591","LA-180"
"2592","LA-180"
"2593","LA-180"
"2594","LA-180"
"2595","LA-180"
"2596","LA-340"
"2597","LA-340"
"2598","LA-340"
"2599","LA-340"
"2600","LA-340"
"2601","LA-340"
"2602","LA-340"
"2603","LA-340"
"2604","LA-340"
"2605","LA-340"
"2606","FL-460"
"2607","FL-460"
"2608","FL-460"
"2609","FL-460"
"2610","FL-460"
"2611","PA-540"
"2612","PA-540"
"2613","PA-540"
"2614","PA-540"
"2615","PA-540"
"2616","MI-620"
"2617","MI-620"
"2618","MI-620"
"2619","MI-620"
"2620","MI-620"
"2621","MI-620"
"2622","MI-620"
"2623","MI-620"
"2624","MI-620"
"2625","MI-620"
"2626","MI-620"
"2627","MI-620"
"2628","MI-620"
"2629","MI-620"
"2630","MI-620"
"2631","TX-700"
"2632","TX-700"
"2633","TX-700"
"2634","TX-700"
"2635","TX-700"
"2636","NM-740"
"2637","NM-740"
"2638","NM-740"
"2639","NM-740"
"2640","NM-740"
"2641","NV-820"
"2642","NV-820"
"2643","NV-820"
"2644","NV-820"
"2645","NV-820"
"2646","KS-940"
"2647","KS-940"
"2648","KS-940"
"2649","KS-940"
"2650","KS-940"
"2651","OK-020"
"2652","OK-020"
"2653","OK-020"
"2654","OK-020"
"2655","OK-020"
"2656","OK-020"
"2657","OK-020"
"2658","OK-020"
"2659","OK-020"
"2660","OK-020"
"2661","MO-060"
"2662","MO-060"
"2663","MO-060"
"2664","MO-060"
"2665","MO-060"
"2666","PA-140"
"2667","PA-140"
"2668","PA-140"
"2669","PA-140"
"2670","PA-140"
"2671","TN-280"
"2672","TN-280"
"2673","TN-280"
"2674","TN-280"
"2675","TN-280"
"2676","ME-340"
"2677","ME-340"
"2678","ME-340"
"2679","ME-340"
"2680","ME-340"
"2681","KY-460"
"2682","KY-460"
"2683","KY-460"
"2684","KY-460"
"2685","KY-460"
"2686","KY-460"
"2687","KY-460"
"2688","KY-460"
"2689","KY-460"
"2690","KY-460"
"2691","KY-460"
"2692","KY-460"
"2693","KY-460"
"2694","KY-460"
"2695","KY-460"
"2696","KY-460"
"2697","KY-460"
"2698","KY-460"
"2699","KY-460"
"2700","KY-460"
"2701","KY-460"
"2702","KY-460"
"2703","KY-460"
"2704","KY-460"
"2705","KY-460"
"2706","KY-460"
"2707","KY-460"
"2708","KY-460"
"2709","KY-460"
"2710","KY-460"
"2711","OH-620"
"2712","OH-620"
"2713","OH-620"
"2714","OH-620"
"2715","OH-620"
"2716","NE-700"
"2717","NE-700"
"2718","NE-700"
"2719","NE-700"
"2720","NE-700"
"2721","NE-700"
"2722","NE-700"
"2723","NE-700"
"2724","NE-700"
"2725","NE-700"
"2726","IN-900"
"2727","IN-900"
"2728","IN-900"
"2729","IN-900"
"2730","IN-900"
"2731","NM-060"
"2732","NM-060"
"2733","NM-060"
"2734","NM-060"
"2735","NM-060"
"2736","IN-140"
"2737","IN-140"
"2738","IN-140"
"2739","IN-140"
"2740","IN-140"
"2741","KY-140"
"2742","KY-140"
"2743","KY-140"
"2744","KY-140"
"2745","KY-140"
"2746","KY-140"
"2747","KY-140"
"2748","KY-140"
"2749","KY-140"
"2750","KY-140"
"2751","KY-140"
"2752","KY-140"
"2753","KY-140"
"2754","KY-140"
"2755","KY-140"
"2756","IN-140"
"2757","IN-140"
"2758","IN-140"
"2759","IN-140"
"2760","IN-140"
"2761","IN-140"
"2762","IN-140"
"2763","IN-140"
"2764","IN-140"
"2765","IN-140"
"2766","IN-140"
"2767","IN-140"
"2768","IN-140"
"2769","IN-140"
"2770","IN-140"
"2771","KY-140"
"2772","KY-140"
"2773","KY-140"
"2774","KY-140"
"2775","KY-140"
"2776","KY-140"
"2777","KY-140"
"2778","KY-140"
"2779","KY-140"
"2780","KY-140"
"2781","IN-140"
"2782","IN-140"
"2783","IN-140"
"2784","IN-140"
"2785","IN-140"
"2786","KY-140"
"2787","KY-140"
"2788","KY-140"
"2789","KY-140"
"2790","KY-140"
"2791","KY-140"
"2792","KY-140"
"2793","KY-140"
"2794","KY-140"
"2795","KY-140"
"2796","TX-180"
"2797","TX-180"
"2798","TX-180"
"2799","TX-180"
"2800","TX-180"
"2801","TX-180"
"2802","TX-180"
"2803","TX-180"
"2804","TX-180"
"2805","TX-180"
"2806","TX-180"
"2807","TX-180"
"2808","TX-180"
"2809","TX-180"
"2810","TX-180"
"2811","TX-260"
"2812","TX-260"
"2813","TX-260"
"2814","TX-260"
"2815","TX-260"
"2816","NC-300"
"2817","NC-300"
"2818","NC-300"
"2819","NC-300"
"2820","VA-340"
"2821","VA-340"
"2822","VA-340"
"2823","VA-340"
"2824","VA-340"
"2825","VA-340"
"2826","VA-340"
"2827","VA-340"
"2828","VA-340"
"2829","VA-340"
"2830","VA-340"
"2831","VA-340"
"2832","VA-340"
"2833","VA-340"
"2834","VA-340"
"2835","VA-340"
"2836","VA-340"
"2837","VA-340"
"2838","VA-340"
"2839","VA-340"
"2840","VA-340"
"2841","VA-340"
"2842","VA-340"
"2843","VA-340"
"2844","VA-340"
"2845","VA-340"
"2846","VA-340"
"2847","VA-340"
"2848","VA-340"
"2849","VA-340"
"2850","GA-420"
"2851","GA-420"
"2852","GA-420"
"2853","GA-420"
"2854","GA-420"
"2855","GA-420"
"2856","GA-420"
"2857","GA-420"
"2858","GA-420"
"2859","GA-420"
"2860","GA-420"
"2861","GA-420"
"2862","GA-420"
"2863","GA-420"
"2864","GA-420"
"2865","GA-420"
"2866","GA-420"
"2867","GA-420"
"2868","GA-420"
"2869","GA-420"
"2870","GA-420"
"2871","GA-420"
"2872","GA-420"
"2873","GA-420"
"2874","GA-420"
"2875","IN-500"
"2876","IN-500"
"2877","IN-500"
"2878","IN-500"
"2879","IN-500"
"2880","WI-540"
"2881","WI-540"
"2882","WI-540"
"2883","WI-540"
"2884","WI-540"
"2885","WI-540"
"2886","WI-540"
"2887","WI-540"
"2888","WI-540"
"2889","WI-540"
"2890","WI-540"
"2891","WI-540"
"2892","WI-540"
"2893","WI-540"
"2894","WI-540"
"2895","WI-540"
"2896","WI-540"
"2897","WI-540"
"2898","WI-540"
"2899","WI-540"
"2900","NH-700"
"2901","NH-700"
"2902","NH-700"
"2903","NH-700"
"2904","NH-700"
"2905","OH-900"
"2906","OH-900"
"2907","OH-900"
"2908","OH-900"
"2909","OH-900"
"2910","NC-000"
"2911","NC-000"
"2912","NC-000"
"2913","NC-000"
"2914","TX-220"
"2915","TX-220"
"2916","TX-220"
"2917","TX-220"
"2918","TX-220"
"2919","TX-580"
"2920","TX-580"
"2921","TX-580"
"2922","TX-580"
"2923","TX-580"
"2924","PA-740"
"2925","PA-740"
"2926","PA-740"
"2927","PA-740"
"2928","PA-740"
"2929","OR-780"
"2930","OR-780"
"2931","OR-780"
"2932","OR-780"
"2933","OR-780"
"2934","MS-820"
"2935","MS-820"
"2936","MS-820"
"2937","MS-820"
"2938","MS-820"
"2939","TN-820"
"2940","TN-820"
"2941","TN-820"
"2942","TN-820"
"2943","TN-820"
"2944","MS-820"
"2945","MS-820"
"2946","MS-820"
"2947","MS-820"
"2948","MS-820"
"2949","TN-820"
"2950","TN-820"
"2951","TN-820"
"2952","TN-820"
"2953","TN-820"
"2954","TN-820"
"2955","TN-820"
"2956","TN-820"
"2957","TN-820"
"2958","TN-820"
"2959","MS-820"
"2960","MS-820"
"2961","MS-820"
"2962","MS-820"
"2963","MS-820"
"2964","MS-820"
"2965","MS-820"
"2966","MS-820"
"2967","MS-820"
"2968","MS-820"
"2969","AR-820"
"2970","AR-820"
"2971","AR-820"
"2972","AR-820"
"2973","AR-820"
"2974","MS-820"
"2975","MS-820"
"2976","MS-820"
"2977","MS-820"
"2978","MS-820"
"2979","MS-940"
"2980","MS-940"
"2981","MS-940"
"2982","MS-940"
"2983","MS-940"
"2984","MS-940"
"2985","MS-940"
"2986","MS-940"
"2987","MS-940"
"2988","MS-940"
"2989","MS-940"
"2990","MS-940"
"2991","MS-940"
"2992","MS-940"
"2993","MS-940"
"2994","FL-100"
"2995","FL-100"
"2996","FL-100"
"2997","FL-100"
"2998","FL-100"
"2999","FL-100"
"3000","FL-100"
"3001","FL-100"
"3002","FL-100"
"3003","FL-100"
"3004","FL-100"
"3005","FL-100"
"3006","FL-100"
"3007","FL-100"
"3008","FL-100"
"3009","IN-140"
"3010","IN-140"
"3011","IN-140"
"3012","IN-140"
"3013","IN-140"
"3014","TX-260"
"3015","TX-260"
"3016","TX-260"
"3017","TX-260"
"3018","TX-260"
"3019","TX-260"
"3020","TX-260"
"3021","TX-260"
"3022","TX-260"
"3023","TX-260"
"3024","WI-340"
"3025","WI-340"
"3026","WI-340"
"3027","WI-340"
"3028","WI-340"
"3029","WI-340"
"3030","WI-340"
"3031","WI-340"
"3032","WI-340"
"3033","WI-340"
"3034","WI-340"
"3035","WI-340"
"3036","WI-340"
"3037","WI-340"
"3038","WI-340"
"3039","WI-340"
"3040","WI-340"
"3041","WI-340"
"3042","WI-340"
"3043","WI-340"
"3044","MN-460"
"3045","MN-460"
"3046","MN-460"
"3047","MN-460"
"3048","MN-460"
"3049","WI-460"
"3050","WI-460"
"3051","WI-460"
"3052","WI-460"
"3053","WI-460"
"3054","MN-460"
"3055","MN-460"
"3056","MN-460"
"3057","MN-460"
"3058","MN-460"
"3059","MN-460"
"3060","MN-460"
"3061","MN-460"
"3062","MN-460"
"3063","MN-460"
"3064","MN-460"
"3065","MN-460"
"3066","MN-460"
"3067","MN-460"
"3068","MN-460"
"3069","MN-460"
"3070","MN-460"
"3071","MN-460"
"3072","MN-460"
"3073","MN-460"
"3074","MN-460"
"3075","MN-460"
"3076","MN-460"
"3077","MN-460"
"3078","MN-460"
"3079","MN-460"
"3080","MN-460"
"3081","MN-460"
"3082","MN-460"
"3083","MN-460"
"3084","MN-460"
"3085","MN-460"
"3086","MN-460"
"3087","MN-460"
"3088","MN-460"
"3089","MN-460"
"3090","MN-460"
"3091","MN-460"
"3092","MN-460"
"3093","MN-460"
"3094","MN-460"
"3095","MN-460"
"3096","MN-460"
"3097","MN-460"
"3098","MN-460"
"3099","MN-460"
"3100","MN-460"
"3101","MN-460"
"3102","MN-460"
"3103","MN-460"
"3104","MN-460"
"3105","MN-460"
"3106","MN-460"
"3107","MN-460"
"3108","MN-460"
"3109","MN-460"
"3110","MN-460"
"3111","MN-460"
"3112","MN-460"
"3113","MN-460"
"3114","WI-460"
"3115","WI-460"
"3116","WI-460"
"3117","WI-460"
"3118","WI-460"
"3119","MN-460"
"3120","MN-460"
"3121","MN-460"
"3122","MN-460"
"3123","MN-460"
"3124","LA-740"
"3125","LA-740"
"3126","LA-740"
"3127","LA-740"
"3128","LA-740"
"3129","LA-740"
"3130","LA-740"
"3131","LA-740"
"3132","LA-740"
"3133","LA-740"
"3134","MI-780"
"3135","MI-780"
"3136","MI-780"
"3137","MI-780"
"3138","MI-780"
"3139","WV-060"
"3140","WV-060"
"3141","WV-060"
"3142","WV-060"
"3143","WV-060"
"3144","WV-060"
"3145","WV-060"
"3146","WV-060"
"3147","WV-060"
"3148","WV-060"
"3149","TN-100"
"3150","TN-100"
"3151","TN-100"
"3152","TN-100"
"3153","TN-100"
"3154","TN-100"
"3155","TN-100"
"3156","TN-100"
"3157","TN-100"
"3158","TN-100"
"3159","ID-140"
"3160","ID-140"
"3161","ID-140"
"3162","ID-140"
"3163","ID-140"
"3164","OH-540"
"3165","OH-540"
"3166","OH-540"
"3167","OH-540"
"3168","OH-540"
"3169","IN-620"
"3170","IN-620"
"3171","IN-620"
"3172","IN-620"
"3173","IN-620"
"3174","MI-740"
"3175","MI-740"
"3176","MI-740"
"3177","MI-740"
"3178","MI-740"
"3179","SC-820"
"3180","SC-820"
"3181","SC-820"
"3182","SC-820"
"3183","SC-820"
"3184","NC-820"
"3185","NC-820"
"3186","NC-820"
"3187","NC-820"
"3188","NC-820"
"3189","FL-940"
"3190","FL-940"
"3191","FL-940"
"3192","FL-940"
"3193","FL-940"
"3194","TN-980"
"3195","TN-980"
"3196","TN-980"
"3197","TN-980"
"3198","TN-980"
"3199","TN-980"
"3200","TN-980"
"3201","TN-980"
"3202","TN-980"
"3203","TN-980"
"3204","TN-980"
"3205","TN-980"
"3206","TN-980"
"3207","TN-980"
"3208","TN-980"
"3209","TN-980"
"3210","TN-980"
"3211","TN-980"
"3212","TN-980"
"3213","TN-980"
"3214","TN-980"
"3215","TN-980"
"3216","TN-980"
"3217","TN-980"
"3218","TN-980"
"3219","TN-980"
"3220","TN-980"
"3221","TN-980"
"3222","TN-980"
"3223","TN-980"
"3224","TN-980"
"3225","TN-980"
"3226","TN-980"
"3227","TN-980"
"3228","TN-980"
"3229","TN-980"
"3230","TN-980"
"3231","TN-980"
"3232","TN-980"
"3233","TN-980"
"3234","TN-980"
"3235","TN-980"
"3236","TN-980"
"3237","TN-980"
"3238","TN-980"
"3239","TN-980"
"3240","TN-980"
"3241","TN-980"
"3242","TN-980"
"3243","TN-980"
"3244","TN-980"
"3245","TN-980"
"3246","TN-980"
"3247","TN-980"
"3248","TN-980"
"3249","TN-980"
"3250","TN-980"
"3251","TN-980"
"3252","TN-980"
"3253","TN-980"
"3254","TN-980"
"3255","TN-980"
"3256","TN-980"
"3257","TN-980"
"3258","TN-980"
"3259","TN-980"
"3260","TN-980"
"3261","TN-980"
"3262","TN-980"
"3263","TN-980"
"3264","PA-260"
"3265","PA-260"
"3266","PA-260"
"3267","PA-260"
"3268","PA-260"
"3269","LA-380"
"3270","LA-380"
"3271","LA-380"
"3272","LA-380"
"3273","LA-380"
"3274","LA-380"
"3275","LA-380"
"3276","LA-380"
"3277","LA-380"
"3278","LA-380"
"3279","LA-380"
"3280","LA-380"
"3281","LA-380"
"3282","LA-380"
"3283","LA-380"
"3284","LA-380"
"3285","LA-380"
"3286","LA-380"
"3287","LA-380"
"3288","LA-380"
"3289","LA-380"
"3290","LA-380"
"3291","LA-380"
"3292","LA-380"
"3293","LA-380"
"3294","LA-380"
"3295","LA-380"
"3296","LA-380"
"3297","LA-380"
"3298","LA-380"
"3299","LA-380"
"3300","LA-380"
"3301","LA-380"
"3302","LA-380"
"3303","LA-380"
"3304","LA-380"
"3305","LA-380"
"3306","LA-380"
"3307","LA-380"
"3308","LA-380"
"3309","NY-620"
"3310","NY-620"
"3311","NY-620"
"3312","NY-620"
"3313","NY-620"
"3314","NJ-620"
"3315","NJ-620"
"3316","NJ-620"
"3317","NJ-620"
"3318","NJ-620"
"3319","NY-620"
"3320","NY-620"
"3321","NY-620"
"3322","NY-620"
"3323","NY-620"
"3324","NJ-620"
"3325","NJ-620"
"3326","NJ-620"
"3327","NJ-620"
"3328","NJ-620"
"3329","NY-620"
"3330","NY-620"
"3331","NY-620"
"3332","NY-620"
"3333","NY-620"
"3334","NY-620"
"3335","NY-620"
"3336","NY-620"
"3337","NY-620"
"3338","NY-620"
"3339","NJ-620"
"3340","NJ-620"
"3341","NJ-620"
"3342","NJ-620"
"3343","NJ-620"
"3344","NJ-620"
"3345","NJ-620"
"3346","NJ-620"
"3347","NJ-620"
"3348","NJ-620"
"3349","NY-620"
"3350","NY-620"
"3351","NY-620"
"3352","NY-620"
"3353","NY-620"
"3354","NY-620"
"3355","NY-620"
"3356","NY-620"
"3357","NY-620"
"3358","NY-620"
"3359","NJ-620"
"3360","NJ-620"
"3361","NJ-620"
"3362","NJ-620"
"3363","NJ-620"
"3364","NJ-620"
"3365","NJ-620"
"3366","NJ-620"
"3367","NJ-620"
"3368","NJ-620"
"3369","PA-620"
"3370","PA-620"
"3371","PA-620"
"3372","PA-620"
"3373","PA-620"
"3374","NY-620"
"3375","NY-620"
"3376","NY-620"
"3377","NY-620"
"3378","NY-620"
"3379","NJ-620"
"3380","NJ-620"
"3381","NJ-620"
"3382","NJ-620"
"3383","NJ-620"
"3384","NJ-620"
"3385","NJ-620"
"3386","NJ-620"
"3387","NJ-620"
"3388","NJ-620"
"3389","NY-620"
"3390","NY-620"
"3391","NY-620"
"3392","NY-620"
"3393","NY-620"
"3394","NY-620"
"3395","NY-620"
"3396","NY-620"
"3397","NY-620"
"3398","NY-620"
"3399","NY-620"
"3400","NY-620"
"3401","NY-620"
"3402","NY-620"
"3403","NY-620"
"3404","NY-620"
"3405","NY-620"
"3406","NY-620"
"3407","NY-620"
"3408","NY-620"
"3409","NJ-620"
"3410","NJ-620"
"3411","NJ-620"
"3412","NJ-620"
"3413","NJ-620"
"3414","NY-620"
"3415","NY-620"
"3416","NY-620"
"3417","NY-620"
"3418","NY-620"
"3419","NJ-620"
"3420","NJ-620"
"3421","NJ-620"
"3422","NJ-620"
"3423","NJ-620"
"3424","NJ-620"
"3425","NJ-620"
"3426","NJ-620"
"3427","NJ-620"
"3428","NJ-620"
"3429","NJ-620"
"3430","NJ-620"
"3431","NJ-620"
"3432","NJ-620"
"3433","NJ-620"
"3434","MI-660"
"3435","MI-660"
"3436","MI-660"
"3437","MI-660"
"3438","MI-660"
"3439","FL-840"
"3440","FL-840"
"3441","FL-840"
"3442","FL-840"
"3443","FL-840"
"3444","FL-840"
"3445","FL-840"
"3446","FL-840"
"3447","FL-840"
"3448","FL-840"
"3449","FL-100"
"3450","FL-100"
"3451","FL-100"
"3452","FL-100"
"3453","FL-100"
"3454","NJ-140"
"3455","NJ-140"
"3456","NJ-140"
"3457","NJ-140"
"3458","NJ-140"
"3459","TX-220"
"3460","TX-220"
"3461","TX-220"
"3462","TX-220"
"3463","TX-220"
"3464","UT-260"
"3465","UT-260"
"3466","UT-260"
"3467","UT-260"
"3468","UT-260"
"3469","UT-260"
"3470","UT-260"
"3471","UT-260"
"3472","UT-260"
"3473","UT-260"
"3474","UT-260"
"3475","UT-260"
"3476","UT-260"
"3477","UT-260"
"3478","UT-260"
"3479","UT-260"
"3480","UT-260"
"3481","UT-260"
"3482","UT-260"
"3483","UT-260"
"3484","NY-300"
"3485","NY-300"
"3486","NY-300"
"3487","NY-300"
"3488","NY-300"
"3489","OK-420"
"3490","OK-420"
"3491","OK-420"
"3492","OK-420"
"3493","OK-420"
"3494","OK-420"
"3495","OK-420"
"3496","OK-420"
"3497","OK-420"
"3498","OK-420"
"3499","OK-420"
"3500","OK-420"
"3501","OK-420"
"3502","OK-420"
"3503","OK-420"
"3504","OK-420"
"3505","OK-420"
"3506","OK-420"
"3507","OK-420"
"3508","OK-420"
"3509","OK-420"
"3510","OK-420"
"3511","OK-420"
"3512","OK-420"
"3513","OK-420"
"3514","OK-420"
"3515","OK-420"
"3516","OK-420"
"3517","OK-420"
"3518","OK-420"
"3519","OK-420"
"3520","OK-420"
"3521","OK-420"
"3522","OK-420"
"3523","OK-420"
"3524","WA-500"
"3525","WA-500"
"3526","WA-500"
"3527","WA-500"
"3528","WA-500"
"3529","NE-540"
"3530","NE-540"
"3531","NE-540"
"3532","NE-540"
"3533","NE-540"
"3534","NE-540"
"3535","NE-540"
"3536","NE-540"
"3537","NE-540"
"3538","NE-540"
"3539","NE-540"
"3540","NE-540"
"3541","NE-540"
"3542","NE-540"
"3543","NE-540"
"3544","IA-540"
"3545","IA-540"
"3546","IA-540"
"3547","IA-540"
"3548","IA-540"
"3549","NE-540"
"3550","NE-540"
"3551","NE-540"
"3552","NE-540"
"3553","NE-540"
"3554","NE-540"
"3555","NE-540"
"3556","NE-540"
"3557","NE-540"
"3558","NE-540"
"3559","IA-540"
"3560","IA-540"
"3561","IA-540"
"3562","IA-540"
"3563","IA-540"
"3564","IA-540"
"3565","IA-540"
"3566","IA-540"
"3567","IA-540"
"3568","IA-540"
"3569","FL-740"
"3570","FL-740"
"3571","FL-740"
"3572","FL-740"
"3573","FL-740"
"3574","FL-740"
"3575","FL-740"
"3576","FL-740"
"3577","FL-740"
"3578","FL-740"
"3579","FL-740"
"3580","FL-740"
"3581","FL-740"
"3582","FL-740"
"3583","FL-740"
"3584","FL-740"
"3585","FL-740"
"3586","FL-740"
"3587","FL-740"
"3588","FL-740"
"3589","IL-860"
"3590","IL-860"
"3591","IL-860"
"3592","IL-860"
"3593","IL-860"
"3594","IL-860"
"3595","IL-860"
"3596","IL-860"
"3597","IL-860"
"3598","IL-860"
"3599","IL-860"
"3600","IL-860"
"3601","IL-860"
"3602","IL-860"
"3603","IL-860"
"3604","KY-980"
"3605","KY-980"
"3606","KY-980"
"3607","KY-980"
"3608","KY-980"
"3609","KY-980"
"3610","KY-980"
"3611","KY-980"
"3612","KY-980"
"3613","KY-980"
"3614","KY-980"
"3615","KY-980"
"3616","KY-980"
"3617","KY-980"
"3618","KY-980"
"3619","NC-080"
"3620","NC-080"
"3621","NC-080"
"3622","NC-080"
"3623","NV-220"
"3624","NV-220"
"3625","NV-220"
"3626","NV-220"
"3627","NV-220"
"3628","FL-340"
"3629","FL-340"
"3630","FL-340"
"3631","FL-340"
"3632","FL-340"
"3633","FL-460"
"3634","FL-460"
"3635","FL-460"
"3636","FL-460"
"3637","FL-460"
"3638","FL-460"
"3639","FL-460"
"3640","FL-460"
"3641","FL-460"
"3642","FL-460"
"3643","FL-860"
"3644","FL-860"
"3645","FL-860"
"3646","FL-860"
"3647","FL-860"
"3648","FL-860"
"3649","FL-860"
"3650","FL-860"
"3651","FL-860"
"3652","FL-860"
"3653","IL-900"
"3654","IL-900"
"3655","IL-900"
"3656","IL-900"
"3657","IL-900"
"3658","IL-900"
"3659","IL-900"
"3660","IL-900"
"3661","IL-900"
"3662","IL-900"
"3663","IL-900"
"3664","IL-900"
"3665","IL-900"
"3666","IL-900"
"3667","IL-900"
"3668","IL-900"
"3669","IL-900"
"3670","IL-900"
"3671","IL-900"
"3672","IL-900"
"3673","IL-900"
"3674","IL-900"
"3675","IL-900"
"3676","IL-900"
"3677","IL-900"
"3678","NJ-980"
"3679","NJ-980"
"3680","NJ-980"
"3681","NJ-980"
"3682","NJ-980"
"3683","PA-980"
"3684","PA-980"
"3685","PA-980"
"3686","PA-980"
"3687","PA-980"
"3688","MD-980"
"3689","MD-980"
"3690","MD-980"
"3691","MD-980"
"3692","MD-980"
"3693","NJ-980"
"3694","NJ-980"
"3695","NJ-980"
"3696","NJ-980"
"3697","NJ-980"
"3698","PA-980"
"3699","PA-980"
"3700","PA-980"
"3701","PA-980"
"3702","PA-980"
"3703","DE-980"
"3704","DE-980"
"3705","DE-980"
"3706","DE-980"
"3707","DE-980"
"3708","PA-980"
"3709","PA-980"
"3710","PA-980"
"3711","PA-980"
"3712","PA-980"
"3713","NJ-980"
"3714","NJ-980"
"3715","NJ-980"
"3716","NJ-980"
"3717","NJ-980"
"3718","PA-980"
"3719","PA-980"
"3720","PA-980"
"3721","PA-980"
"3722","PA-980"
"3723","NJ-980"
"3724","NJ-980"
"3725","NJ-980"
"3726","NJ-980"
"3727","NJ-980"
"3728","PA-980"
"3729","PA-980"
"3730","PA-980"
"3731","PA-980"
"3732","PA-980"
"3733","NC-240"
"3734","NC-240"
"3735","NC-240"
"3736","NC-240"
"3737","NC-240"
"3738","PA-300"
"3739","PA-300"
"3740","PA-300"
"3741","PA-300"
"3742","PA-300"
"3743","PA-300"
"3744","PA-300"
"3745","PA-300"
"3746","PA-300"
"3747","PA-300"
"3748","PA-300"
"3749","PA-300"
"3750","PA-300"
"3751","PA-300"
"3752","PA-300"
"3753","PA-300"
"3754","PA-300"
"3755","PA-300"
"3756","PA-300"
"3757","PA-300"
"3758","PA-300"
"3759","PA-300"
"3760","PA-300"
"3761","PA-300"
"3762","PA-300"
"3763","PA-300"
"3764","PA-300"
"3765","PA-300"
"3766","PA-300"
"3767","PA-300"
"3768","PA-300"
"3769","PA-300"
"3770","PA-300"
"3771","PA-300"
"3772","PA-300"
"3773","MA-340"
"3774","MA-340"
"3775","MA-340"
"3776","MA-340"
"3777","MA-340"
"3778","IN-500"
"3779","IN-500"
"3780","IN-500"
"3781","IN-500"
"3782","IN-500"
"3783","OH-840"
"3784","OH-840"
"3785","OH-840"
"3786","OH-840"
"3787","ME-860"
"3788","ME-860"
"3789","ME-860"
"3790","ME-860"
"3791","ME-860"
"3792","ME-860"
"3793","ME-860"
"3794","ME-860"
"3795","ME-860"
"3796","ME-860"
"3797","ME-860"
"3798","ME-860"
"3799","ME-860"
"3800","ME-860"
"3801","ME-860"
"3802","OR-900"
"3803","OR-900"
"3804","OR-900"
"3805","OR-900"
"3806","OR-900"
"3807","OR-900"
"3808","OR-900"
"3809","OR-900"
"3810","OR-900"
"3811","OR-900"
"3812","OR-900"
"3813","OR-900"
"3814","OR-900"
"3815","OR-900"
"3816","OR-900"
"3817","WA-900"
"3818","WA-900"
"3819","WA-900"
"3820","WA-900"
"3821","WA-900"
"3822","OR-900"
"3823","OR-900"
"3824","OR-900"
"3825","OR-900"
"3826","OR-900"
"3827","OR-900"
"3828","OR-900"
"3829","OR-900"
"3830","OR-900"
"3831","OR-900"
"3832","WA-900"
"3833","WA-900"
"3834","WA-900"
"3835","WA-900"
"3836","WA-900"
"3837","FL-940"
"3838","FL-940"
"3839","FL-940"
"3840","FL-940"
"3841","FL-940"
"3842","FL-940"
"3843","FL-940"
"3844","FL-940"
"3845","FL-940"
"3846","FL-940"
"3847","OH-020"
"3848","OH-020"
"3849","OH-020"
"3850","OH-020"
"3851","OH-020"
"3852","PA-060"
"3853","PA-060"
"3854","PA-060"
"3855","PA-060"
"3856","PA-060"
"3857","MA-300"
"3858","MA-300"
"3859","MA-300"
"3860","MA-300"
"3861","MA-300"
"3862","RI-300"
"3863","RI-300"
"3864","RI-300"
"3865","RI-300"
"3866","RI-300"
"3867","RI-300"
"3868","RI-300"
"3869","RI-300"
"3870","RI-300"
"3871","RI-300"
"3872","RI-300"
"3873","RI-300"
"3874","RI-300"
"3875","RI-300"
"3876","RI-300"
"3877","RI-300"
"3878","RI-300"
"3879","RI-300"
"3880","RI-300"
"3881","RI-300"
"3882","RI-300"
"3883","RI-300"
"3884","RI-300"
"3885","RI-300"
"3886","RI-300"
"3887","UT-340"
"3888","UT-340"
"3889","UT-340"
"3890","UT-340"
"3891","UT-340"
"3892","UT-340"
"3893","UT-340"
"3894","UT-340"
"3895","UT-340"
"3896","UT-340"
"3897","FL-460"
"3898","FL-460"
"3899","FL-460"
"3900","FL-460"
"3901","FL-460"
"3902","WI-540"
"3903","WI-540"
"3904","WI-540"
"3905","WI-540"
"3906","WI-540"
"3907","NC-580"
"3908","NC-580"
"3909","NC-580"
"3910","NC-580"
"3911","NC-580"
"3912","NC-580"
"3913","NC-580"
"3914","NC-580"
"3915","NC-580"
"3916","NC-580"
"3917","NC-580"
"3918","NC-580"
"3919","NC-580"
"3920","NC-580"
"3921","NC-580"
"3922","PA-740"
"3923","PA-740"
"3924","PA-740"
"3925","PA-740"
"3926","PA-740"
"3927","NV-900"
"3928","NV-900"
"3929","NV-900"
"3930","NV-900"
"3931","NV-900"
"3932","NV-900"
"3933","NV-900"
"3934","NV-900"
"3935","NV-900"
"3936","NV-900"
"3937","VA-060"
"3938","VA-060"
"3939","VA-060"
"3940","VA-060"
"3941","VA-060"
"3942","VA-060"
"3943","VA-060"
"3944","VA-060"
"3945","VA-060"
"3946","VA-060"
"3947","VA-060"
"3948","VA-060"
"3949","VA-060"
"3950","VA-060"
"3951","VA-060"
"3952","VA-060"
"3953","VA-060"
"3954","VA-060"
"3955","VA-060"
"3956","VA-060"
"3957","VA-060"
"3958","VA-060"
"3959","VA-060"
"3960","VA-060"
"3961","VA-060"
"3962","VA-060"
"3963","VA-060"
"3964","VA-060"
"3965","VA-060"
"3966","VA-060"
"3967","VA-060"
"3968","VA-060"
"3969","VA-060"
"3970","VA-060"
"3971","VA-060"
"3972","VA-060"
"3973","VA-060"
"3974","VA-060"
"3975","VA-060"
"3976","VA-060"
"3977","VA-060"
"3978","VA-060"
"3979","VA-060"
"3980","VA-060"
"3981","VA-060"
"3982","VA-060"
"3983","VA-060"
"3984","VA-060"
"3985","VA-060"
"3986","VA-060"
"3987","VA-060"
"3988","VA-060"
"3989","VA-060"
"3990","VA-060"
"3991","VA-060"
"3992","VA-060"
"3993","VA-060"
"3994","VA-060"
"3995","VA-060"
"3996","VA-060"
"3997","VA-060"
"3998","VA-060"
"3999","VA-060"
"4000","VA-060"
"4001","VA-060"
"4002","VA-060"
"4003","VA-060"
"4004","VA-060"
"4005","VA-060"
"4006","VA-060"
"4007","VA-060"
"4008","VA-060"
"4009","VA-060"
"4010","VA-060"
"4011","VA-060"
"4012","VA-060"
"4013","VA-060"
"4014","VA-060"
"4015","VA-060"
"4016","VA-060"
"4017","VA-060"
"4018","VA-060"
"4019","VA-060"
"4020","VA-060"
"4021","VA-060"
"4022","VA-220"
"4023","VA-220"
"4024","VA-220"
"4025","VA-220"
"4026","VA-220"
"4027","VA-220"
"4028","VA-220"
"4029","VA-220"
"4030","VA-220"
"4031","VA-220"
"4032","VA-220"
"4033","VA-220"
"4034","VA-220"
"4035","VA-220"
"4036","VA-220"
"4037","VA-220"
"4038","VA-220"
"4039","VA-220"
"4040","VA-220"
"4041","VA-220"
"4042","VA-220"
"4043","VA-220"
"4044","VA-220"
"4045","VA-220"
"4046","VA-220"
"4047","VA-220"
"4048","VA-220"
"4049","VA-220"
"4050","VA-220"
"4051","VA-220"
"4052","MN-340"
"4053","MN-340"
"4054","MN-340"
"4055","MN-340"
"4056","MN-340"
"4057","MN-340"
"4058","MN-340"
"4059","MN-340"
"4060","MN-340"
"4061","MN-340"
"4062","MN-340"
"4063","MN-340"
"4064","MN-340"
"4065","MN-340"
"4066","MN-340"
"4067","MN-340"
"4068","MN-340"
"4069","MN-340"
"4070","MN-340"
"4071","MN-340"
"4072","NY-380"
"4073","NY-380"
"4074","NY-380"
"4075","NY-380"
"4076","NY-380"
"4077","NY-380"
"4078","NY-380"
"4079","NY-380"
"4080","NY-380"
"4081","NY-380"
"4082","NY-380"
"4083","NY-380"
"4084","NY-380"
"4085","NY-380"
"4086","NY-380"
"4087","NY-380"
"4088","NY-380"
"4089","NY-380"
"4090","NY-380"
"4091","NY-380"
"4092","NY-380"
"4093","NY-380"
"4094","NY-380"
"4095","NY-380"
"4096","NY-380"
"4097","NY-380"
"4098","NY-380"
"4099","NY-380"
"4100","NY-380"
"4101","NY-380"
"4102","IL-420"
"4103","IL-420"
"4104","IL-420"
"4105","IL-420"
"4106","IL-420"
"4107","IL-420"
"4108","IL-420"
"4109","IL-420"
"4110","IL-420"
"4111","IL-420"
"4112","NC-580"
"4113","NC-580"
"4114","NC-580"
"4115","NC-580"
"4116","NC-580"
"4117","NC-580"
"4118","NC-580"
"4119","NC-580"
"4120","NC-580"
"4121","NC-580"
"4122","OR-700"
"4123","OR-700"
"4124","OR-700"
"4125","OR-700"
"4126","OR-700"
"4127","MI-980"
"4128","MI-980"
"4129","MI-980"
"4130","MI-980"
"4131","MI-980"
"4132","MN-060"
"4133","MN-060"
"4134","MN-060"
"4135","MN-060"
"4136","MN-060"
"4137","MN-060"
"4138","MN-060"
"4139","MN-060"
"4140","MN-060"
"4141","MN-060"
"4142","MO-140"
"4143","MO-140"
"4144","MO-140"
"4145","MO-140"
"4146","MO-140"
"4147","MO-140"
"4148","MO-140"
"4149","MO-140"
"4150","MO-140"
"4151","MO-140"
"4152","MO-140"
"4153","MO-140"
"4154","MO-140"
"4155","MO-140"
"4156","MO-140"
"4157","KS-140"
"4158","KS-140"
"4159","KS-140"
"4160","KS-140"
"4161","KS-140"
"4162","MO-180"
"4163","MO-180"
"4164","MO-180"
"4165","MO-180"
"4166","MO-180"
"4167","IL-180"
"4168","IL-180"
"4169","IL-180"
"4170","IL-180"
"4171","IL-180"
"4172","MO-180"
"4173","MO-180"
"4174","MO-180"
"4175","MO-180"
"4176","MO-180"
"4177","MO-180"
"4178","MO-180"
"4179","MO-180"
"4180","MO-180"
"4181","MO-180"
"4182","MO-180"
"4183","MO-180"
"4184","MO-180"
"4185","MO-180"
"4186","MO-180"
"4187","MO-180"
"4188","MO-180"
"4189","MO-180"
"4190","MO-180"
"4191","MO-180"
"4192","IL-180"
"4193","IL-180"
"4194","IL-180"
"4195","IL-180"
"4196","IL-180"
"4197","IL-180"
"4198","IL-180"
"4199","IL-180"
"4200","IL-180"
"4201","IL-180"
"4202","IL-180"
"4203","IL-180"
"4204","IL-180"
"4205","IL-180"
"4206","IL-180"
"4207","IL-180"
"4208","IL-180"
"4209","IL-180"
"4210","IL-180"
"4211","IL-180"
"4212","IL-180"
"4213","IL-180"
"4214","IL-180"
"4215","IL-180"
"4216","IL-180"
"4217","MO-180"
"4218","MO-180"
"4219","MO-180"
"4220","MO-180"
"4221","MO-180"
"4222","MO-180"
"4223","MO-180"
"4224","MO-180"
"4225","MO-180"
"4226","MO-180"
"4227","IL-180"
"4228","IL-180"
"4229","IL-180"
"4230","IL-180"
"4231","IL-180"
"4232","IL-180"
"4233","IL-180"
"4234","IL-180"
"4235","IL-180"
"4236","IL-180"
"4237","OH-400"
"4238","OH-400"
"4239","OH-400"
"4240","OH-400"
"4241","OH-400"
"4242","OR-420"
"4243","OR-420"
"4244","OR-420"
"4245","OR-420"
"4246","OR-420"
"4247","OR-420"
"4248","OR-420"
"4249","OR-420"
"4250","OR-420"
"4251","OR-420"
"4252","DE-540"
"4253","DE-540"
"4254","DE-540"
"4255","DE-540"
"4256","DE-540"
"4257","MD-540"
"4258","MD-540"
"4259","MD-540"
"4260","MD-540"
"4261","MD-540"
"4262","MD-540"
"4263","MD-540"
"4264","MD-540"
"4265","MD-540"
"4266","MD-540"
"4267","MD-540"
"4268","MD-540"
"4269","MD-540"
"4270","MD-540"
"4271","MD-540"
"4272","UT-620"
"4273","UT-620"
"4274","UT-620"
"4275","UT-620"
"4276","UT-620"
"4277","UT-620"
"4278","UT-620"
"4279","UT-620"
"4280","UT-620"
"4281","UT-620"
"4282","TX-700"
"4283","TX-700"
"4284","TX-700"
"4285","TX-700"
"4286","TX-700"
"4287","TX-700"
"4288","TX-700"
"4289","TX-700"
"4290","TX-700"
"4291","TX-700"
"4292","TX-700"
"4293","TX-700"
"4294","TX-700"
"4295","TX-700"
"4296","TX-700"
"4297","TX-700"
"4298","TX-700"
"4299","TX-700"
"4300","TX-700"
"4301","TX-700"
"4302","TX-700"
"4303","TX-700"
"4304","TX-700"
"4305","TX-700"
"4306","TX-700"
"4307","TX-700"
"4308","TX-700"
"4309","TX-700"
"4310","TX-700"
"4311","TX-700"
"4312","TX-700"
"4313","TX-700"
"4314","TX-700"
"4315","TX-700"
"4316","TX-700"
"4317","TX-700"
"4318","TX-700"
"4319","TX-700"
"4320","TX-700"
"4321","TX-700"
"4322","GA-340"
"4323","GA-340"
"4324","GA-340"
"4325","GA-340"
"4326","GA-340"
"4327","GA-340"
"4328","GA-340"
"4329","GA-340"
"4330","GA-340"
"4331","GA-340"
"4332","GA-340"
"4333","GA-340"
"4334","GA-340"
"4335","GA-340"
"4336","GA-340"
"4337","PA-540"
"4338","PA-540"
"4339","PA-540"
"4340","PA-540"
"4341","PA-540"
"4342","PA-540"
"4343","PA-540"
"4344","PA-540"
"4345","PA-540"
"4346","PA-540"
"4347","PA-540"
"4348","PA-540"
"4349","PA-540"
"4350","PA-540"
"4351","PA-540"
"4352","WA-660"
"4353","WA-660"
"4354","WA-660"
"4355","WA-660"
"4356","WA-660"
"4357","WA-660"
"4358","WA-660"
"4359","WA-660"
"4360","WA-660"
"4361","WA-660"
"4362","WA-660"
"4363","WA-660"
"4364","WA-660"
"4365","WA-660"
"4366","WA-660"
"4367","FL-680"
"4368","FL-680"
"4369","FL-680"
"4370","FL-680"
"4371","FL-680"
"4372","OK-060"
"4373","OK-060"
"4374","OK-060"
"4375","OK-060"
"4376","OK-060"
"4377","WI-100"
"4378","WI-100"
"4379","WI-100"
"4380","WI-100"
"4381","WI-100"
"4382","LA-340"
"4383","LA-340"
"4384","LA-340"
"4385","LA-340"
"4386","LA-340"
"4387","LA-340"
"4388","LA-340"
"4389","LA-340"
"4390","LA-340"
"4391","LA-340"
"4392","LA-340"
"4393","LA-340"
"4394","LA-340"
"4395","LA-340"
"4396","LA-340"
"4397","LA-340"
"4398","LA-340"
"4399","LA-340"
"4400","LA-340"
"4401","LA-340"
"4402","MO-460"
"4403","MO-460"
"4404","MO-460"
"4405","MO-460"
"4406","MO-460"
"4407","SD-580"
"4408","SD-580"
"4409","SD-580"
"4410","SD-580"
"4411","SD-580"
"4412","IA-580"
"4413","IA-580"
"4414","IA-580"
"4415","IA-580"
"4416","IA-580"
"4417","IA-580"
"4418","IA-580"
"4419","IA-580"
"4420","IA-580"
"4421","IA-580"
"4422","NE-580"
"4423","NE-580"
"4424","NE-580"
"4425","NE-580"
"4426","NE-580"
"4427","NE-580"
"4428","NE-580"
"4429","NE-580"
"4430","NE-580"
"4431","NE-580"
"4432","SD-620"
"4433","SD-620"
"4434","SD-620"
"4435","SD-620"
"4436","SD-620"
"4437","SD-620"
"4438","SD-620"
"4439","SD-620"
"4440","SD-620"
"4441","SD-620"
"4442","SD-620"
"4443","SD-620"
"4444","SD-620"
"4445","SD-620"
"4446","SD-620"
"4447","SD-620"
"4448","SD-620"
"4449","SD-620"
"4450","SD-620"
"4451","SD-620"
"4452","IN-780"
"4453","IN-780"
"4454","IN-780"
"4455","IN-780"
"4456","IN-780"
"4457","MI-780"
"4458","MI-780"
"4459","MI-780"
"4460","MI-780"
"4461","MI-780"
"4462","SC-900"
"4463","SC-900"
"4464","SC-900"
"4465","SC-900"
"4466","SC-900"
"4467","SC-900"
"4468","SC-900"
"4469","SC-900"
"4470","SC-900"
"4471","SC-900"
"4472","WA-060"
"4473","WA-060"
"4474","WA-060"
"4475","WA-060"
"4476","WA-060"
"4477","WA-060"
"4478","WA-060"
"4479","WA-060"
"4480","WA-060"
"4481","WA-060"
"4482","WA-060"
"4483","WA-060"
"4484","WA-060"
"4485","WA-060"
"4486","WA-060"
"4487","IL-100"
"4488","IL-100"
"4489","IL-100"
"4490","IL-100"
"4491","IL-100"
"4492","IL-100"
"4493","IL-100"
"4494","IL-100"
"4495","IL-100"
"4496","IL-100"
"4497","MA-140"
"4498","MA-140"
"4499","MA-140"
"4500","MA-140"
"4501","MA-140"
"4502","MA-140"
"4503","MA-140"
"4504","MA-140"
"4505","MA-140"
"4506","MA-140"
"4507","MO-180"
"4508","MO-180"
"4509","MO-180"
"4510","MO-180"
"4511","MO-180"
"4512","MO-180"
"4513","MO-180"
"4514","MO-180"
"4515","MO-180"
"4516","MO-180"
"4517","MO-180"
"4518","MO-180"
"4519","MO-180"
"4520","MO-180"
"4521","MO-180"
"4522","MO-180"
"4523","MO-180"
"4524","MO-180"
"4525","MO-180"
"4526","MO-180"
"4527","MO-180"
"4528","MO-180"
"4529","MO-180"
"4530","MO-180"
"4531","MO-180"
"4532","OH-220"
"4533","OH-220"
"4534","OH-220"
"4535","OH-220"
"4536","OH-220"
"4537","PA-300"
"4538","PA-300"
"4539","PA-300"
"4540","PA-300"
"4541","PA-300"
"4542","GA-340"
"4543","GA-340"
"4544","GA-340"
"4545","GA-340"
"4546","GA-340"
"4547","SC-940"
"4548","SC-940"
"4549","SC-940"
"4550","SC-940"
"4551","SC-940"
"4552","NY-060"
"4553","NY-060"
"4554","NY-060"
"4555","NY-060"
"4556","NY-060"
"4557","NY-060"
"4558","NY-060"
"4559","NY-060"
"4560","NY-060"
"4561","NY-060"
"4562","NY-060"
"4563","NY-060"
"4564","NY-060"
"4565","NY-060"
"4566","NY-060"
"4567","FL-220"
"4568","FL-220"
"4569","FL-220"
"4570","FL-220"
"4571","FL-220"
"4572","FL-220"
"4573","FL-220"
"4574","FL-220"
"4575","FL-220"
"4576","FL-220"
"4577","FL-220"
"4578","FL-220"
"4579","FL-220"
"4580","FL-220"
"4581","FL-220"
"4582","FL-220"
"4583","FL-220"
"4584","FL-220"
"4585","FL-220"
"4586","FL-220"
"4587","FL-300"
"4588","FL-300"
"4589","FL-300"
"4590","FL-300"
"4591","FL-300"
"4592","FL-300"
"4593","FL-300"
"4594","FL-300"
"4595","FL-300"
"4596","FL-300"
"4597","FL-300"
"4598","FL-300"
"4599","FL-300"
"4600","FL-300"
"4601","FL-300"
"4602","FL-300"
"4603","FL-300"
"4604","FL-300"
"4605","FL-300"
"4606","FL-300"
"4607","IN-460"
"4608","IN-460"
"4609","IN-460"
"4610","IN-460"
"4611","IN-460"
"4612","IN-460"
"4613","IN-460"
"4614","IN-460"
"4615","IN-460"
"4616","IN-460"
"4617","IN-460"
"4618","IN-460"
"4619","IN-460"
"4620","IN-460"
"4621","IN-460"
"4622","IN-460"
"4623","IN-460"
"4624","IN-460"
"4625","IN-460"
"4626","IN-460"
"4627","GA-620"
"4628","GA-620"
"4629","GA-620"
"4630","GA-620"
"4631","GA-620"
"4632","OH-780"
"4633","OH-780"
"4634","OH-780"
"4635","OH-780"
"4636","OH-780"
"4637","OH-780"
"4638","OH-780"
"4639","OH-780"
"4640","OH-780"
"4641","OH-780"
"4642","OH-780"
"4643","OH-780"
"4644","OH-780"
"4645","OH-780"
"4646","OH-780"
"4647","KS-820"
"4648","KS-820"
"4649","KS-820"
"4650","KS-820"
"4651","KS-820"
"4652","KS-820"
"4653","KS-820"
"4654","KS-820"
"4655","KS-820"
"4656","KS-820"
"4657","KS-820"
"4658","KS-820"
"4659","KS-820"
"4660","KS-820"
"4661","KS-820"
"4662","KS-820"
"4663","KS-820"
"4664","KS-820"
"4665","KS-820"
"4666","KS-820"
"4667","KS-820"
"4668","KS-820"
"4669","KS-820"
"4670","KS-820"
"4671","KS-820"
"4672","OK-140"
"4673","OK-140"
"4674","OK-140"
"4675","OK-140"
"4676","OK-140"
"4677","OK-140"
"4678","OK-140"
"4679","OK-140"
"4680","OK-140"
"4681","OK-140"
"4682","OK-140"
"4683","OK-140"
"4684","OK-140"
"4685","OK-140"
"4686","OK-140"
"4687","OK-140"
"4688","OK-140"
"4689","OK-140"
"4690","OK-140"
"4691","OK-140"
"4692","OK-140"
"4693","OK-140"
"4694","OK-140"
"4695","OK-140"
"4696","OK-140"
"4697","OK-140"
"4698","OK-140"
"4699","OK-140"
"4700","OK-140"
"4701","OK-140"
"4702","OK-140"
"4703","OK-140"
"4704","OK-140"
"4705","OK-140"
"4706","OK-140"
"4707","TX-340"
"4708","TX-340"
"4709","TX-340"
"4710","TX-340"
"4711","TX-340"
"4712","NY-540"
"4713","NY-540"
"4714","NY-540"
"4715","NY-540"
"4716","NY-540"
"4717","NY-540"
"4718","NY-540"
"4719","NY-540"
"4720","NY-540"
"4721","NY-540"
"4722","GA-660"
"4723","GA-660"
"4724","GA-660"
"4725","GA-660"
"4726","GA-660"
"4727","GA-660"
"4728","GA-660"
"4729","GA-660"
"4730","GA-660"
"4731","GA-660"
"4732","GA-660"
"4733","GA-660"
"4734","GA-660"
"4735","GA-660"
"4736","GA-660"
"4737","GA-660"
"4738","GA-660"
"4739","GA-660"
"4740","GA-660"
"4741","GA-660"
"4742","NJ-220"
"4743","NJ-220"
"4744","NJ-220"
"4745","NJ-220"
"4746","NJ-220"
"4747","VA-260"
"4748","VA-260"
"4749","VA-260"
"4750","VA-260"
"4751","VA-260"
"4752","NC-260"
"4753","NC-260"
"4754","NC-260"
"4755","NC-260"
"4756","NC-260"
"4757","VA-260"
"4758","VA-260"
"4759","VA-260"
"4760","VA-260"
"4761","VA-260"
"4762","VA-260"
"4763","VA-260"
"4764","VA-260"
"4765","VA-260"
"4766","VA-260"
"4767","VA-260"
"4768","VA-260"
"4769","VA-260"
"4770","VA-260"
"4771","VA-260"
"4772","VA-260"
"4773","VA-260"
"4774","VA-260"
"4775","VA-260"
"4776","VA-260"
"4777","VA-260"
"4778","VA-260"
"4779","VA-260"
"4780","VA-260"
"4781","VA-260"
"4782","VA-260"
"4783","VA-260"
"4784","VA-260"
"4785","VA-260"
"4786","VA-260"
"4787","NC-260"
"4788","NC-260"
"4789","NC-260"
"4790","NC-260"
"4791","NC-260"
"4792","VA-260"
"4793","VA-260"
"4794","VA-260"
"4795","VA-260"
"4796","VA-260"
"4797","VA-260"
"4798","VA-260"
"4799","VA-260"
"4800","VA-260"
"4801","VA-260"
"4802","VA-260"
"4803","VA-260"
"4804","VA-260"
"4805","VA-260"
"4806","VA-260"
"4807","VA-260"
"4808","VA-260"
"4809","VA-260"
"4810","VA-260"
"4811","VA-260"
"4812","VA-260"
"4813","VA-260"
"4814","VA-260"
"4815","VA-260"
"4816","VA-260"
"4817","VA-260"
"4818","VA-260"
"4819","VA-260"
"4820","VA-260"
"4821","VA-260"
"4822","VA-260"
"4823","VA-260"
"4824","VA-260"
"4825","VA-260"
"4826","VA-260"
"4827","TX-380"
"4828","TX-380"
"4829","TX-380"
"4830","TX-380"
"4831","TX-380"
"4832","TX-380"
"4833","TX-380"
"4834","TX-380"
"4835","TX-380"
"4836","TX-380"
"4837","GA-580"
"4838","GA-580"
"4839","GA-580"
"4840","GA-580"
"4841","GA-580"
"4842","GA-580"
"4843","GA-580"
"4844","GA-580"
"4845","GA-580"
"4846","GA-580"
"4847","GA-580"
"4848","GA-580"
"4849","GA-580"
"4850","GA-580"
"4851","GA-580"
"4852","VA-900"
"4853","VA-900"
"4854","VA-900"
"4855","VA-900"
"4856","VA-900"
"4857","MD-900"
"4858","MD-900"
"4859","MD-900"
"4860","MD-900"
"4861","MD-900"
"4862","VA-900"
"4863","VA-900"
"4864","VA-900"
"4865","VA-900"
"4866","VA-900"
"4867","VA-900"
"4868","VA-900"
"4869","VA-900"
"4870","VA-900"
"4871","VA-900"
"4872","VA-900"
"4873","VA-900"
"4874","VA-900"
"4875","VA-900"
"4876","VA-900"
"4877","VA-900"
"4878","VA-900"
"4879","VA-900"
"4880","VA-900"
"4881","VA-900"
"4882","VA-900"
"4883","VA-900"
"4884","VA-900"
"4885","VA-900"
"4886","VA-900"
"4887","VA-900"
"4888","VA-900"
"4889","VA-900"
"4890","VA-900"
"4891","VA-900"
"4892","VA-900"
"4893","VA-900"
"4894","VA-900"
"4895","VA-900"
"4896","VA-900"
"4897","VA-900"
"4898","VA-900"
"4899","VA-900"
"4900","VA-900"
"4901","VA-900"
"4902","VA-900"
"4903","VA-900"
"4904","VA-900"
"4905","VA-900"
"4906","VA-900"
"4907","VA-900"
"4908","VA-900"
"4909","VA-900"
"4910","VA-900"
"4911","VA-900"
"4912","VA-900"
"4913","VA-900"
"4914","VA-900"
"4915","VA-900"
"4916","VA-900"
"4917","VA-900"
"4918","VA-900"
"4919","VA-900"
"4920","VA-900"
"4921","VA-900"
"4922","MD-900"
"4923","MD-900"
"4924","MD-900"
"4925","MD-900"
"4926","MD-900"
"4927","WV-900"
"4928","WV-900"
"4929","WV-900"
"4930","WV-900"
"4931","WV-900"
"4932","MD-900"
"4933","MD-900"
"4934","MD-900"
"4935","MD-900"
"4936","MD-900"
"4937","MD-900"
"4938","MD-900"
"4939","MD-900"
"4940","MD-900"
"4941","MD-900"
"4942","MD-900"
"4943","MD-900"
"4944","MD-900"
"4945","MD-900"
"4946","MD-900"
"4947","VA-900"
"4948","VA-900"
"4949","VA-900"
"4950","VA-900"
"4951","VA-900"
"4952","VA-900"
"4953","VA-900"
"4954","VA-900"
"4955","VA-900"
"4956","VA-900"
"4957","DC-900"
"4958","DC-900"
"4959","DC-900"
"4960","DC-900"
"4961","DC-900"
"4962","VA-900"
"4963","VA-900"
"4964","VA-900"
"4965","VA-900"
"4966","VA-900"
"4967","VA-900"
"4968","VA-900"
"4969","VA-900"
"4970","VA-900"
"4971","VA-900"
"4972","OH-920"
"4973","OH-920"
"4974","OH-920"
"4975","OH-920"
"4976","IA-940"
"4977","IA-940"
"4978","IA-940"
"4979","IA-940"
"4980","IA-940"
"4981","IA-940"
"4982","IA-940"
"4983","IA-940"
"4984","IA-940"
"4985","IA-940"
"4986","IA-940"
"4987","IA-940"
"4988","IA-940"
"4989","IA-940"
"4990","IA-940"
"4991","WI-020"
"4992","WI-020"
"4993","WI-020"
"4994","WI-020"
"4995","WI-020"
"4996","WI-140"
"4997","WI-140"
"4998","WI-140"
"4999","WI-140"
"5000","WI-140"
"5001","OH-260"
"5002","OH-260"
"5003","OH-260"
"5004","OH-260"
"5005","OH-260"
"5006","WV-260"
"5007","WV-260"
"5008","WV-260"
"5009","WV-260"
"5010","WV-260"
"5011","WV-260"
"5012","WV-260"
"5013","WV-260"
"5014","WV-260"
"5015","WV-260"
"5016","WA-300"
"5017","WA-300"
"5018","WA-300"
"5019","WA-300"
"5020","WA-300"
"5021","WA-300"
"5022","WA-300"
"5023","WA-300"
"5024","WA-300"
"5025","WA-300"
"5026","KS-620"
"5027","KS-620"
"5028","KS-620"
"5029","KS-620"
"5030","KS-620"
"5031","KS-620"
"5032","KS-620"
"5033","KS-620"
"5034","KS-620"
"5035","KS-620"
"5036","KS-620"
"5037","KS-620"
"5038","KS-620"
"5039","KS-620"
"5040","KS-620"
"5041","KS-620"
"5042","KS-620"
"5043","KS-620"
"5044","KS-620"
"5045","KS-620"
"5046","KS-620"
"5047","KS-620"
"5048","KS-620"
"5049","KS-620"
"5050","KS-620"
"5051","TX-660"
"5052","TX-660"
"5053","TX-660"
"5054","TX-660"
"5055","TX-660"
"5056","TX-660"
"5057","TX-660"
"5058","TX-660"
"5059","TX-660"
"5060","TX-660"
"5061","TX-660"
"5062","TX-660"
"5063","TX-660"
"5064","TX-660"
"5065","TX-660"
"5066","PA-700"
"5067","PA-700"
"5068","PA-700"
"5069","PA-700"
"5070","PA-700"
"5071","NC-900"
"5072","NC-900"
"5073","NC-900"
"5074","NC-900"
"5075","NC-900"
"5076","NC-900"
"5077","NC-900"
"5078","NC-900"
"5079","NC-900"
"5080","NC-900"
"5081","VA-020"
"5082","VA-020"
"5083","VA-020"
"5084","VA-020"
"5085","VA-020"
"5086","VA-020"
"5087","VA-020"
"5088","VA-020"
"5089","VA-020"
"5090","VA-020"
"5091","WV-020"
"5092","WV-020"
"5093","WV-020"
"5094","WV-020"
"5095","WV-020"
"5096","NC-180"
"5097","NC-180"
"5098","NC-180"
"5099","NC-180"
"5100","NC-180"
"5101","NC-180"
"5102","NC-180"
"5103","NC-180"
"5104","NC-180"
"5105","NC-180"
"5106","NC-180"
"5107","NC-180"
"5108","NC-180"
"5109","NC-180"
"5110","NC-180"
"5111","NC-180"
"5112","NC-180"
"5113","NC-180"
"5114","NC-180"
"5115","NC-180"
"5116","NC-180"
"5117","NC-180"
"5118","NC-180"
"5119","NC-180"
"5120","NC-180"
"5121","OH-300"
"5122","OH-300"
"5123","OH-300"
"5124","OH-300"
"5125","OH-300"
"5126","CT-340"
"5127","CT-340"
"5128","CT-340"
"5129","CT-340"
"5130","CT-340"
"5131","MA-340"
"5132","MA-340"
"5133","MA-340"
"5134","MA-340"
"5135","MA-340"
"5136","WA-420"
"5137","WA-420"
"5138","WA-420"
"5139","WA-420"
"5140","WA-420"
"5141","PA-620"
"5142","PA-620"
"5143","PA-620"
"5144","PA-620"
"5145","PA-620"
"5146","OH-660"
"5147","OH-660"
"5148","OH-660"
"5149","OH-660"
"5150","OH-660"
"5151","OH-660"
"5152","OH-660"
"5153","OH-660"
"5154","OH-660"
"5155","OH-660"
"5156","PA-660"
"5157","PA-660"
"5158","PA-660"
"5159","PA-660"
"5160","PA-660"
